packages/minecraft/tool-mc-project/src/index.ts:1: trailing whitespace.
+import type { Confidence, VersionClassification, MinecraftVersionCandidate, MinecraftVersionResult, MappingsCandidate, MappingsResult, ModIdCandidate, SourceSetInfo, MixinConfig, DatagenClue, DetectionResult, ResourceIssue, ResourceValidationResult } from './types.ts'
packages/minecraft/tool-mc-project/src/index.ts:2: trailing whitespace.
+export type { DetectionResult, ResourceValidationResult } from './types.ts'
packages/minecraft/tool-mc-project/src/index.ts:3: trailing whitespace.
+/**
packages/minecraft/tool-mc-project/src/index.ts:4: trailing whitespace.
+ * Model-facing Minecraft project detector. The tool reads Gradle files,
packages/minecraft/tool-mc-project/src/index.ts:5: trailing whitespace.
+ * mod metadata, source roots, and resource roots through `ctx.fs` and returns
packages/minecraft/tool-mc-project/src/index.ts:6: trailing whitespace.
+ * structured evidence instead of asking the model to infer project facts from
packages/minecraft/tool-mc-project/src/index.ts:7: trailing whitespace.
+ * prompt guidance alone.
packages/minecraft/tool-mc-project/src/index.ts:8: trailing whitespace.
+ * @module @deepseek-ai/dsh-tool-mc-project
packages/minecraft/tool-mc-project/src/index.ts:9: trailing whitespace.
+ */
packages/minecraft/tool-mc-project/src/index.ts:10: trailing whitespace.
+
packages/minecraft/tool-mc-project/src/index.ts:11: trailing whitespace.
+import { posix } from 'node:path'
packages/minecraft/tool-mc-project/src/index.ts:12: trailing whitespace.
+import type { Context } from '@deepseek-ai/cordis'
packages/minecraft/tool-mc-project/src/index.ts:13: trailing whitespace.
+import z from '@deepseek-ai/schemastery'
packages/minecraft/tool-mc-project/src/index.ts:14: trailing whitespace.
+import { gte, satisfies, valid, validRange } from 'semver'
packages/minecraft/tool-mc-project/src/index.ts:15: trailing whitespace.
+import { parse as parseToml } from 'smol-toml'
packages/minecraft/tool-mc-project/src/index.ts:16: trailing whitespace.
+import { defineTool } from '@deepseek-ai/dsh-tools'
packages/minecraft/tool-mc-project/src/index.ts:17: trailing whitespace.
+import type { PreToolDecision, ToolExecution, ToolResult } from '@deepseek-ai/dsh-tools'
packages/minecraft/tool-mc-project/src/index.ts:18: trailing whitespace.
+import type { FsDirEntry } from '@deepseek-ai/dsh-fs'
packages/minecraft/tool-mc-project/src/index.ts:19: trailing whitespace.
+import type {} from '@deepseek-ai/dsh-fs'
packages/minecraft/tool-mc-project/src/index.ts:20: trailing whitespace.
+import type { CollectedOutput, ShellRunResult, ShellSandboxInfo } from '@deepseek-ai/dsh-shell'
packages/minecraft/tool-mc-project/src/index.ts:21: trailing whitespace.
+import type {} from '@deepseek-ai/dsh-shell'
packages/minecraft/tool-mc-project/src/index.ts:22: trailing whitespace.
+import { datagenTaskCandidates, loaderSupport, validationCommands } from './loader-support.ts'
packages/minecraft/tool-mc-project/src/index.ts:23: trailing whitespace.
+import type { Loader } from './loader-support.ts'
packages/minecraft/tool-mc-project/src/index.ts:24: trailing whitespace.
+import { parseGradleTaskNames, runtimeTaskCandidates, hasMinecraftReadiness } from './gradle-tasks.ts'
packages/minecraft/tool-mc-project/src/index.ts:25: trailing whitespace.
+import type { RuntimeMode } from './gradle-tasks.ts'
packages/minecraft/tool-mc-project/src/index.ts:26: trailing whitespace.
+import {
packages/minecraft/tool-mc-project/src/index.ts:27: trailing whitespace.
+  errorCode,
packages/minecraft/tool-mc-project/src/index.ts:28: trailing whitespace.
+  isAbortedError,
packages/minecraft/tool-mc-project/src/index.ts:29: trailing whitespace.
+  listOptionalDir,
packages/minecraft/tool-mc-project/src/index.ts:30: trailing whitespace.
+  optionalStat,
packages/minecraft/tool-mc-project/src/index.ts:31: trailing whitespace.
+  readBoundedText,
packages/minecraft/tool-mc-project/src/index.ts:32: trailing whitespace.
+  readOptionalText,
packages/minecraft/tool-mc-project/src/index.ts:33: trailing whitespace.
+  readTextFile,
packages/minecraft/tool-mc-project/src/index.ts:34: trailing whitespace.
+  sessionResolveOptions,
packages/minecraft/tool-mc-project/src/index.ts:35: trailing whitespace.
+  walkFiles,
packages/minecraft/tool-mc-project/src/index.ts:36: trailing whitespace.
+} from './fs-support.ts'
packages/minecraft/tool-mc-project/src/index.ts:37: trailing whitespace.
+import type { ProjectExecution, TextFile, WalkState } from './fs-support.ts'
packages/minecraft/tool-mc-project/src/index.ts:38: trailing whitespace.
+
packages/minecraft/tool-mc-project/src/index.ts:41: trailing whitespace.
+ */
packages/minecraft/tool-mc-project/src/index.ts:42: trailing whitespace.
+export const name = 'tool-mc-project'
packages/minecraft/tool-mc-project/src/index.ts:45: trailing whitespace.
+ */
packages/minecraft/tool-mc-project/src/index.ts:46: trailing whitespace.
+export const inject = ['tools', 'fs']
packages/minecraft/tool-mc-project/src/index.ts:47: trailing whitespace.
+
packages/minecraft/tool-mc-project/src/index.ts:50: trailing whitespace.
+ */
packages/minecraft/tool-mc-project/src/index.ts:51: trailing whitespace.
+export const DETECT_MC_PROJECT = 'detect_mc_project'
packages/minecraft/tool-mc-project/src/index.ts:54: trailing whitespace.
+ */
packages/minecraft/tool-mc-project/src/index.ts:55: trailing whitespace.
+export const VALIDATE_MC_RESOURCES = 'validate_mc_resources'
packages/minecraft/tool-mc-project/src/index.ts:58: trailing whitespace.
+ */
packages/minecraft/tool-mc-project/src/index.ts:59: trailing whitespace.
+export const RUN_MC_CHECK = 'run_mc_check'
packages/minecraft/tool-mc-project/src/index.ts:60: trailing whitespace.
+
packages/minecraft/tool-mc-project/src/index.ts:61: trailing whitespace.
+const DEFAULT_MAX_ENTRIES = 2_000
packages/minecraft/tool-mc-project/src/index.ts:62: trailing whitespace.
+const DEFAULT_MAX_FILE_BYTES = 512 * 1024
packages/minecraft/tool-mc-project/src/index.ts:63: trailing whitespace.
+const DEFAULT_MAX_OUTPUT_SUMMARY_BYTES = 4_096
packages/minecraft/tool-mc-project/src/index.ts:64: trailing whitespace.
+const DEFAULT_MAX_TASK_DISCOVERY_BYTES = 64 * 1024
packages/minecraft/tool-mc-project/src/index.ts:67: trailing whitespace.
+ */
packages/minecraft/tool-mc-project/src/index.ts:68: trailing whitespace.
+export interface Config {
packages/minecraft/tool-mc-project/src/index.ts:69: trailing whitespace.
+  /**
packages/minecraft/tool-mc-project/src/index.ts:70: trailing whitespace.
+   * Maximum directory entries walked while discovering source/resource and
packages/minecraft/tool-mc-project/src/index.ts:71: trailing whitespace.
+   * metadata clues. When the limit is reached, the result carries a warning and
packages/minecraft/tool-mc-project/src/index.ts:72: trailing whitespace.
+   * returns the facts already found.
packages/minecraft/tool-mc-project/src/index.ts:73: trailing whitespace.
+   */
packages/minecraft/tool-mc-project/src/index.ts:74: trailing whitespace.
+  maxEntries?: number
packages/minecraft/tool-mc-project/src/index.ts:75: trailing whitespace.
+  /**
packages/minecraft/tool-mc-project/src/index.ts:76: trailing whitespace.
+   * Maximum bytes read from one candidate text file. Larger files are skipped
packages/minecraft/tool-mc-project/src/index.ts:77: trailing whitespace.
+   * with a warning instead of being partially parsed.
packages/minecraft/tool-mc-project/src/index.ts:78: trailing whitespace.
+   */
packages/minecraft/tool-mc-project/src/index.ts:79: trailing whitespace.
+  maxFileBytes?: number
packages/minecraft/tool-mc-project/src/index.ts:80: trailing whitespace.
+  /**
packages/minecraft/tool-mc-project/src/index.ts:81: trailing whitespace.
+   * Maximum UTF-8 bytes retained inline from each command stdout/stderr tail in
packages/minecraft/tool-mc-project/src/index.ts:82: trailing whitespace.
+   * `run_mc_check` step summaries. The shell executor may already have
packages/minecraft/tool-mc-project/src/index.ts:83: trailing whitespace.
+   * truncated or spilled the stream before this bound is applied.
packages/minecraft/tool-mc-project/src/index.ts:84: trailing whitespace.
+   */
packages/minecraft/tool-mc-project/src/index.ts:85: trailing whitespace.
+  maxOutputSummaryBytes?: number
packages/minecraft/tool-mc-project/src/index.ts:86: trailing whitespace.
+  /**
packages/minecraft/tool-mc-project/src/index.ts:87: trailing whitespace.
+   * Maximum stdout bytes captured while discovering Gradle tasks. A truncated
packages/minecraft/tool-mc-project/src/index.ts:88: trailing whitespace.
+   * task list is treated as inconclusive rather than selecting a guessed task.
packages/minecraft/tool-mc-project/src/index.ts:89: trailing whitespace.
+   */
packages/minecraft/tool-mc-project/src/index.ts:90: trailing whitespace.
+  maxTaskDiscoveryBytes?: number
packages/minecraft/tool-mc-project/src/index.ts:91: trailing whitespace.
+}
packages/minecraft/tool-mc-project/src/index.ts:92: trailing whitespace.
+
packages/minecraft/tool-mc-project/src/index.ts:95: trailing whitespace.
+ */
packages/minecraft/tool-mc-project/src/index.ts:96: trailing whitespace.
+export const Config: z<Config> = z.object({
packages/minecraft/tool-mc-project/src/index.ts:97: trailing whitespace.
+  maxEntries: z.number().default(DEFAULT_MAX_ENTRIES),
packages/minecraft/tool-mc-project/src/index.ts:98: trailing whitespace.
+  maxFileBytes: z.number().default(DEFAULT_MAX_FILE_BYTES),
packages/minecraft/tool-mc-project/src/index.ts:99: trailing whitespace.
+  maxOutputSummaryBytes: z.number().default(DEFAULT_MAX_OUTPUT_SUMMARY_BYTES),
packages/minecraft/tool-mc-project/src/index.ts:100: trailing whitespace.
+  maxTaskDiscoveryBytes: z.number().default(DEFAULT_MAX_TASK_DISCOVERY_BYTES),
packages/minecraft/tool-mc-project/src/index.ts:101: trailing whitespace.
+})
packages/minecraft/tool-mc-project/src/index.ts:102: trailing whitespace.
+
packages/minecraft/tool-mc-project/src/index.ts:103: trailing whitespace.
+type CheckTarget = 'build' | 'test' | 'datagen' | 'resources' | 'runtime' | 'startup' | 'all'
packages/minecraft/tool-mc-project/src/index.ts:104: trailing whitespace.
+type CheckStepStatus = 'passed' | 'failed' | 'skipped'
packages/minecraft/tool-mc-project/src/index.ts:105: trailing whitespace.
+
packages/minecraft/tool-mc-project/src/index.ts:106: trailing whitespace.
+interface ResolvedConfig {
packages/minecraft/tool-mc-project/src/index.ts:107: trailing whitespace.
+  maxEntries: number
packages/minecraft/tool-mc-project/src/index.ts:108: trailing whitespace.
+  maxFileBytes: number
packages/minecraft/tool-mc-project/src/index.ts:109: trailing whitespace.
+  maxOutputSummaryBytes: number
packages/minecraft/tool-mc-project/src/index.ts:110: trailing whitespace.
+  maxTaskDiscoveryBytes: number
packages/minecraft/tool-mc-project/src/index.ts:111: trailing whitespace.
+}
packages/minecraft/tool-mc-project/src/index.ts:112: trailing whitespace.
+
packages/minecraft/tool-mc-project/src/index.ts:113: trailing whitespace.
+interface DetectionScan {
packages/minecraft/tool-mc-project/src/index.ts:114: trailing whitespace.
+  project: DetectionResult
packages/minecraft/tool-mc-project/src/index.ts:115: trailing whitespace.
+  metadataErrors: ResourceIssue[]
packages/minecraft/tool-mc-project/src/index.ts:116: trailing whitespace.
+  metadataWarnings: string[]
packages/minecraft/tool-mc-project/src/index.ts:117: trailing whitespace.
+}
packages/minecraft/tool-mc-project/src/index.ts:118: trailing whitespace.
+
packages/minecraft/tool-mc-project/src/index.ts:119: trailing whitespace.
+interface OutputSummary {
packages/minecraft/tool-mc-project/src/index.ts:120: trailing whitespace.
+  text: string
packages/minecraft/tool-mc-project/src/index.ts:121: trailing whitespace.
+  truncated: boolean
packages/minecraft/tool-mc-project/src/index.ts:122: trailing whitespace.
+  spillPath?: string
packages/minecraft/tool-mc-project/src/index.ts:123: trailing whitespace.
+}
packages/minecraft/tool-mc-project/src/index.ts:124: trailing whitespace.
+
packages/minecraft/tool-mc-project/src/index.ts:125: trailing whitespace.
+interface SandboxSummary {
packages/minecraft/tool-mc-project/src/index.ts:126: trailing whitespace.
+  mode: string
packages/minecraft/tool-mc-project/src/index.ts:127: trailing whitespace.
+  denied: boolean
packages/minecraft/tool-mc-project/src/index.ts:128: trailing whitespace.
+  enforcement?: string
packages/minecraft/tool-mc-project/src/index.ts:129: trailing whitespace.
+  runnerFailed?: boolean
packages/minecraft/tool-mc-project/src/index.ts:130: trailing whitespace.
+}
packages/minecraft/tool-mc-project/src/index.ts:131: trailing whitespace.
+
packages/minecraft/tool-mc-project/src/index.ts:132: trailing whitespace.
+interface CheckStepResult {
packages/minecraft/tool-mc-project/src/index.ts:133: trailing whitespace.
+  step: string
packages/minecraft/tool-mc-project/src/index.ts:134: trailing whitespace.
+  command?: string
packages/minecraft/tool-mc-project/src/index.ts:135: trailing whitespace.
+  status: CheckStepStatus
packages/minecraft/tool-mc-project/src/index.ts:136: trailing whitespace.
+  exitCode: number | null
packages/minecraft/tool-mc-project/src/index.ts:137: trailing whitespace.
+  stdout: OutputSummary
packages/minecraft/tool-mc-project/src/index.ts:138: trailing whitespace.
+  stderr: OutputSummary
packages/minecraft/tool-mc-project/src/index.ts:139: trailing whitespace.
+  timedOut: boolean
packages/minecraft/tool-mc-project/src/index.ts:140: trailing whitespace.
+  aborted: boolean
packages/minecraft/tool-mc-project/src/index.ts:141: trailing whitespace.
+  signal: string | null
packages/minecraft/tool-mc-project/src/index.ts:142: trailing whitespace.
+  sandbox?: SandboxSummary
packages/minecraft/tool-mc-project/src/index.ts:143: trailing whitespace.
+  message?: string
packages/minecraft/tool-mc-project/src/index.ts:144: trailing whitespace.
+}
packages/minecraft/tool-mc-project/src/index.ts:145: trailing whitespace.
+
packages/minecraft/tool-mc-project/src/index.ts:149: trailing whitespace.
+export interface CheckResult {
packages/minecraft/tool-mc-project/src/index.ts:150: trailing whitespace.
+  commands: string[]
packages/minecraft/tool-mc-project/src/index.ts:151: trailing whitespace.
+  exitCode: number | null
packages/minecraft/tool-mc-project/src/index.ts:152: trailing whitespace.
+  steps: CheckStepResult[]
packages/minecraft/tool-mc-project/src/index.ts:153: trailing whitespace.
+  failedStep: string | null
packages/minecraft/tool-mc-project/src/index.ts:154: trailing whitespace.
+  suggestedNextAction: string | null
packages/minecraft/tool-mc-project/src/index.ts:155: trailing whitespace.
+}
packages/minecraft/tool-mc-project/src/index.ts:156: trailing whitespace.
+
packages/minecraft/tool-mc-project/src/index.ts:159: trailing whitespace.
+ */
packages/minecraft/tool-mc-project/src/index.ts:169: trailing whitespace.
+  check(cwd: string, mode: RuntimeMode, signal: AbortSignal, timeoutMs?: number): Promise<CheckResult>
packages/minecraft/tool-mc-project/src/index.ts:170: trailing whitespace.
+}
packages/minecraft/tool-mc-project/src/index.ts:171: trailing whitespace.
+
packages/minecraft/tool-mc-project/src/index.ts:172: trailing whitespace.
+declare module '@deepseek-ai/cordis' {
packages/minecraft/tool-mc-project/src/index.ts:173: trailing whitespace.
+  interface Context { minecraftRuntime: MinecraftRuntimeBridge }
packages/minecraft/tool-mc-project/src/index.ts:174: trailing whitespace.
+}
packages/minecraft/tool-mc-project/src/index.ts:175: trailing whitespace.
+
packages/minecraft/tool-mc-project/src/index.ts:176: trailing whitespace.
+interface RunCheckArgs {
packages/minecraft/tool-mc-project/src/index.ts:177: trailing whitespace.
+  target: CheckTarget
packages/minecraft/tool-mc-project/src/index.ts:178: trailing whitespace.
+  timeoutMs?: number
packages/minecraft/tool-mc-project/src/index.ts:179: trailing whitespace.
+  runtimeMode?: RuntimeMode
packages/minecraft/tool-mc-project/src/index.ts:180: trailing whitespace.
+}
packages/minecraft/tool-mc-project/src/index.ts:181: trailing whitespace.
+
packages/minecraft/tool-mc-project/src/index.ts:182: trailing whitespace.
+function isApprovedRuntimeCheck(exec: ToolExecution): boolean {
packages/minecraft/tool-mc-project/src/index.ts:183: trailing whitespace.
+  if (exec.name !== RUN_MC_CHECK || typeof exec.arguments !== 'object' || exec.arguments === null || Array.isArray(exec.arguments)) {
packages/minecraft/tool-mc-project/src/index.ts:184: trailing whitespace.
+    return false
packages/minecraft/tool-mc-project/src/index.ts:185: trailing whitespace.
+  }
packages/minecraft/tool-mc-project/src/index.ts:186: trailing whitespace.
+  const args = exec.arguments as { target?: unknown; runtimeMode?: unknown }
packages/minecraft/tool-mc-project/src/index.ts:187: trailing whitespace.
+  return (args.target === 'runtime' || args.target === 'startup') && (args.runtimeMode === 'client' || args.runtimeMode === 'server')
packages/minecraft/tool-mc-project/src/index.ts:188: trailing whitespace.
+}
packages/minecraft/tool-mc-project/src/index.ts:189: trailing whitespace.
+
packages/minecraft/tool-mc-project/src/index.ts:190: trailing whitespace.
+interface CommandPlan {
packages/minecraft/tool-mc-project/src/index.ts:191: trailing whitespace.
+  step: string
packages/minecraft/tool-mc-project/src/index.ts:192: trailing whitespace.
+  task?: string
packages/minecraft/tool-mc-project/src/index.ts:193: trailing whitespace.
+}
packages/minecraft/tool-mc-project/src/index.ts:194: trailing whitespace.
+
packages/minecraft/tool-mc-project/src/index.ts:195: trailing whitespace.
+interface TaskDiscoveryCache {
packages/minecraft/tool-mc-project/src/index.ts:196: trailing whitespace.
+  result?: { tasks: string[]; step: CheckStepResult }
packages/minecraft/tool-mc-project/src/index.ts:197: trailing whitespace.
+}
packages/minecraft/tool-mc-project/src/index.ts:198: trailing whitespace.
+
packages/minecraft/tool-mc-project/src/index.ts:199: trailing whitespace.
+interface DetectionState {
packages/minecraft/tool-mc-project/src/index.ts:200: trailing whitespace.
+  warnings: string[]
packages/minecraft/tool-mc-project/src/index.ts:201: trailing whitespace.
+  metadataErrors: ResourceIssue[]
packages/minecraft/tool-mc-project/src/index.ts:202: trailing whitespace.
+  loaderEvidence: Map<Exclude<Loader, 'unknown'>, string[]>
packages/minecraft/tool-mc-project/src/index.ts:203: trailing whitespace.
+  minecraftVersions: MinecraftVersionCandidate[]
packages/minecraft/tool-mc-project/src/index.ts:204: trailing whitespace.
+  mappings: MappingsCandidate[]
packages/minecraft/tool-mc-project/src/index.ts:205: trailing whitespace.
+  modIds: ModIdCandidate[]
packages/minecraft/tool-mc-project/src/index.ts:206: trailing whitespace.
+  mixins: MixinConfig[]
packages/minecraft/tool-mc-project/src/index.ts:207: trailing whitespace.
+  datagen: DatagenClue[]
packages/minecraft/tool-mc-project/src/index.ts:208: trailing whitespace.
+  gradleTaskCandidates: string[]
packages/minecraft/tool-mc-project/src/index.ts:209: trailing whitespace.
+  customResourceRoots: string[]
packages/minecraft/tool-mc-project/src/index.ts:210: trailing whitespace.
+}
packages/minecraft/tool-mc-project/src/index.ts:211: trailing whitespace.
+
packages/minecraft/tool-mc-project/src/index.ts:212: trailing whitespace.
+const ROOT_GRADLE_FILES = [
packages/minecraft/tool-mc-project/src/index.ts:213: trailing whitespace.
+  'settings.gradle',
packages/minecraft/tool-mc-project/src/index.ts:214: trailing whitespace.
+  'settings.gradle.kts',
packages/minecraft/tool-mc-project/src/index.ts:215: trailing whitespace.
+  'build.gradle',
packages/minecraft/tool-mc-project/src/index.ts:216: trailing whitespace.
+  'build.gradle.kts',
packages/minecraft/tool-mc-project/src/index.ts:217: trailing whitespace.
+  'gradle.properties',
packages/minecraft/tool-mc-project/src/index.ts:218: trailing whitespace.
+  'gradle/libs.versions.toml',
packages/minecraft/tool-mc-project/src/index.ts:219: trailing whitespace.
+] as const
packages/minecraft/tool-mc-project/src/index.ts:220: trailing whitespace.
+
packages/minecraft/tool-mc-project/src/index.ts:221: trailing whitespace.
+const METADATA_BASENAMES = new Set([
packages/minecraft/tool-mc-project/src/index.ts:222: trailing whitespace.
+  'fabric.mod.json',
packages/minecraft/tool-mc-project/src/index.ts:223: trailing whitespace.
+  'quilt.mod.json',
packages/minecraft/tool-mc-project/src/index.ts:224: trailing whitespace.
+  'mods.toml',
packages/minecraft/tool-mc-project/src/index.ts:225: trailing whitespace.
+  'neoforge.mods.toml',
packages/minecraft/tool-mc-project/src/index.ts:226: trailing whitespace.
+])
packages/minecraft/tool-mc-project/src/index.ts:227: trailing whitespace.
+const DATA_JSON_FOLDER_PAIRS = [
packages/minecraft/tool-mc-project/src/index.ts:228: trailing whitespace.
+  ['recipes', 'recipe'],
packages/minecraft/tool-mc-project/src/index.ts:229: trailing whitespace.
+  ['loot_tables', 'loot_table'],
packages/minecraft/tool-mc-project/src/index.ts:230: trailing whitespace.
+  ['advancements', 'advancement'],
packages/minecraft/tool-mc-project/src/index.ts:231: trailing whitespace.
+  ['predicates', 'predicate'],
packages/minecraft/tool-mc-project/src/index.ts:232: trailing whitespace.
+  ['item_modifiers', 'item_modifier'],
packages/minecraft/tool-mc-project/src/index.ts:233: trailing whitespace.
+] as const
packages/minecraft/tool-mc-project/src/index.ts:234: trailing whitespace.
+const DATA_JSON_FOLDERS = ['tags', ...DATA_JSON_FOLDER_PAIRS.flat()] as const
packages/minecraft/tool-mc-project/src/index.ts:235: trailing whitespace.
+
packages/minecraft/tool-mc-project/src/index.ts:236: trailing whitespace.
+const LOADER_PATTERNS: ReadonlyArray<{ loader: Exclude<Loader, 'unknown'>; regex: RegExp; label: string }> = [
packages/minecraft/tool-mc-project/src/index.ts:237: trailing whitespace.
+  { loader: 'architectury', regex: /\b(?:architectury-loom|architectury-plugin|dev\.architectury(?::|[./])|net\.architectury(?::|[./]))\b/iu, label: 'Architectury Gradle/plugin/dependency clue' },
packages/minecraft/tool-mc-project/src/index.ts:238: trailing whitespace.
+  { loader: 'fabric', regex: /\b(?:fabric-loom|net\.fabricmc\.fabric-loom|net\.fabricmc:fabric-loader|net\.fabricmc\.fabric-api)\b/u, label: 'Fabric Gradle/dependency clue' },
packages/minecraft/tool-mc-project/src/index.ts:239: trailing whitespace.
+  { loader: 'quilt', regex: /\b(?:org\.quiltmc\.loom|org\.quiltmc:quilt-loader|org\.quiltmc\.quilted-fabric-api)\b/u, label: 'Quilt Gradle/dependency clue' },
packages/minecraft/tool-mc-project/src/index.ts:240: trailing whitespace.
+  { loader: 'forge', regex: /\b(?:net\.minecraftforge\.gradle|net\.minecraftforge:forge|MinecraftForge)\b/u, label: 'Forge Gradle/dependency clue' },
packages/minecraft/tool-mc-project/src/index.ts:241: trailing whitespace.
+  { loader: 'neoforge', regex: /\b(?:net\.neoforged\.gradle|net\.neoforged\.moddev|net\.neoforged:neoforge|NeoForge)\b/u, label: 'NeoForge Gradle/dependency clue' },
packages/minecraft/tool-mc-project/src/index.ts:242: trailing whitespace.
+]
packages/minecraft/tool-mc-project/src/index.ts:243: trailing whitespace.
+
packages/minecraft/tool-mc-project/src/index.ts:244: trailing whitespace.
+const BUILTIN_RESOURCE_NAMESPACES = new Set(['minecraft', 'c', 'forge', 'neoforge', 'fabric', 'quilt'])
packages/minecraft/tool-mc-project/src/index.ts:245: trailing whitespace.
+const RESOURCE_LOCATION_PATTERN = /^([a-z0-9_.-]+:)?[a-z0-9/._-]+$/u
packages/minecraft/tool-mc-project/src/index.ts:246: trailing whitespace.
+const RESOURCE_LOCATION_SCAN_PATTERN = /#?([a-z0-9_.-]+):([a-z0-9/._-]+)/gu
packages/minecraft/tool-mc-project/src/index.ts:247: trailing whitespace.
+function resolveConfig(config: Config | undefined): ResolvedConfig {
packages/minecraft/tool-mc-project/src/index.ts:248: trailing whitespace.
+  /* v8 ignore next -- optional config fields are normalized by the loader before runtime use. */
packages/minecraft/tool-mc-project/src/index.ts:249: trailing whitespace.
+  const maxEntries = config?.maxEntries ?? DEFAULT_MAX_ENTRIES
packages/minecraft/tool-mc-project/src/index.ts:250: trailing whitespace.
+  /* v8 ignore next -- optional config fields are normalized by the loader before runtime use. */
packages/minecraft/tool-mc-project/src/index.ts:251: trailing whitespace.
+  const maxFileBytes = config?.maxFileBytes ?? DEFAULT_MAX_FILE_BYTES
packages/minecraft/tool-mc-project/src/index.ts:252: trailing whitespace.
+  /* v8 ignore next -- optional config fields are normalized by the loader before runtime use. */
packages/minecraft/tool-mc-project/src/index.ts:253: trailing whitespace.
+  const maxOutputSummaryBytes = config?.maxOutputSummaryBytes ?? DEFAULT_MAX_OUTPUT_SUMMARY_BYTES
packages/minecraft/tool-mc-project/src/index.ts:254: trailing whitespace.
+  /* v8 ignore next -- optional config fields are normalized by the loader before runtime use. */
packages/minecraft/tool-mc-project/src/index.ts:255: trailing whitespace.
+  const maxTaskDiscoveryBytes = config?.maxTaskDiscoveryBytes ?? DEFAULT_MAX_TASK_DISCOVERY_BYTES
packages/minecraft/tool-mc-project/src/index.ts:256: trailing whitespace.
+  if (!Number.isFinite(maxEntries) || !Number.isInteger(maxEntries) || maxEntries < 1) {
packages/minecraft/tool-mc-project/src/index.ts:257: trailing whitespace.
+    throw new Error('tool-mc-project config maxEntries must be a positive integer')
packages/minecraft/tool-mc-project/src/index.ts:258: trailing whitespace.
+  }
packages/minecraft/tool-mc-project/src/index.ts:259: trailing whitespace.
+  if (!Number.isFinite(maxFileBytes) || !Number.isInteger(maxFileBytes) || maxFileBytes < 1) {
packages/minecraft/tool-mc-project/src/index.ts:260: trailing whitespace.
+    throw new Error('tool-mc-project config maxFileBytes must be a positive integer')
packages/minecraft/tool-mc-project/src/index.ts:261: trailing whitespace.
+  }
packages/minecraft/tool-mc-project/src/index.ts:262: trailing whitespace.
+  if (!Number.isFinite(maxOutputSummaryBytes) || !Number.isInteger(maxOutputSummaryBytes) || maxOutputSummaryBytes < 1) {
packages/minecraft/tool-mc-project/src/index.ts:263: trailing whitespace.
+    throw new Error('tool-mc-project config maxOutputSummaryBytes must be a positive integer')
packages/minecraft/tool-mc-project/src/index.ts:264: trailing whitespace.
+  }
packages/minecraft/tool-mc-project/src/index.ts:265: trailing whitespace.
+  if (!Number.isFinite(maxTaskDiscoveryBytes) || !Number.isInteger(maxTaskDiscoveryBytes) || maxTaskDiscoveryBytes < 1) {
packages/minecraft/tool-mc-project/src/index.ts:266: trailing whitespace.
+    throw new Error('tool-mc-project config maxTaskDiscoveryBytes must be a positive integer')
packages/minecraft/tool-mc-project/src/index.ts:267: trailing whitespace.
+  }
packages/minecraft/tool-mc-project/src/index.ts:268: trailing whitespace.
+  return { maxEntries, maxFileBytes, maxOutputSummaryBytes, maxTaskDiscoveryBytes }
packages/minecraft/tool-mc-project/src/index.ts:269: trailing whitespace.
+}
packages/minecraft/tool-mc-project/src/index.ts:270: trailing whitespace.
+
packages/minecraft/tool-mc-project/src/index.ts:271: trailing whitespace.
+function uniq<T>(items: readonly T[], key: (item: T) => string): T[] {
packages/minecraft/tool-mc-project/src/index.ts:272: trailing whitespace.
+  const seen = new Set<string>()
packages/minecraft/tool-mc-project/src/index.ts:273: trailing whitespace.
+  const out: T[] = []
packages/minecraft/tool-mc-project/src/index.ts:274: trailing whitespace.
+  for (const item of items) {
packages/minecraft/tool-mc-project/src/index.ts:275: trailing whitespace.
+    const k = key(item)
packages/minecraft/tool-mc-project/src/index.ts:276: trailing whitespace.
+    if (seen.has(k)) continue
packages/minecraft/tool-mc-project/src/index.ts:277: trailing whitespace.
+    seen.add(k)
packages/minecraft/tool-mc-project/src/index.ts:278: trailing whitespace.
+    out.push(item)
packages/minecraft/tool-mc-project/src/index.ts:279: trailing whitespace.
+  }
packages/minecraft/tool-mc-project/src/index.ts:280: trailing whitespace.
+  return out
packages/minecraft/tool-mc-project/src/index.ts:281: trailing whitespace.
+}
packages/minecraft/tool-mc-project/src/index.ts:282: trailing whitespace.
+
packages/minecraft/tool-mc-project/src/index.ts:283: trailing whitespace.
+function pushUnique(list: string[], value: string): void {
packages/minecraft/tool-mc-project/src/index.ts:284: trailing whitespace.
+  /* v8 ignore next -- callers derive each resource/source path from a unique source-set name. */
packages/minecraft/tool-mc-project/src/index.ts:285: trailing whitespace.
+  if (!list.includes(value)) list.push(value)
packages/minecraft/tool-mc-project/src/index.ts:286: trailing whitespace.
+}
packages/minecraft/tool-mc-project/src/index.ts:287: trailing whitespace.
+
packages/minecraft/tool-mc-project/src/index.ts:288: trailing whitespace.
+function addLoader(state: DetectionState, loader: Exclude<Loader, 'unknown'>, evidence: string): void {
packages/minecraft/tool-mc-project/src/index.ts:289: trailing whitespace.
+  const list = state.loaderEvidence.get(loader) ?? []
packages/minecraft/tool-mc-project/src/index.ts:290: trailing whitespace.
+  pushUnique(list, evidence)
packages/minecraft/tool-mc-project/src/index.ts:291: trailing whitespace.
+  state.loaderEvidence.set(loader, list)
packages/minecraft/tool-mc-project/src/index.ts:292: trailing whitespace.
+}
packages/minecraft/tool-mc-project/src/index.ts:293: trailing whitespace.
+
packages/minecraft/tool-mc-project/src/index.ts:294: trailing whitespace.
+function addModId(state: DetectionState, id: unknown, source: string, confidence: Confidence): void {
packages/minecraft/tool-mc-project/src/index.ts:295: trailing whitespace.
+  if (typeof id !== 'string') return
packages/minecraft/tool-mc-project/src/index.ts:296: trailing whitespace.
+  const trimmed = id.trim()
packages/minecraft/tool-mc-project/src/index.ts:297: trailing whitespace.
+  if (trimmed === '') return
packages/minecraft/tool-mc-project/src/index.ts:298: trailing whitespace.
+  state.modIds.push({ id: trimmed, source, confidence })
packages/minecraft/tool-mc-project/src/index.ts:299: trailing whitespace.
+}
packages/minecraft/tool-mc-project/src/index.ts:300: trailing whitespace.
+
packages/minecraft/tool-mc-project/src/index.ts:301: trailing whitespace.
+function addGradleTask(state: DetectionState, task: string): void {
packages/minecraft/tool-mc-project/src/index.ts:302: trailing whitespace.
+  const normalized = task.trim().replace(/^:/u, '')
packages/minecraft/tool-mc-project/src/index.ts:303: trailing whitespace.
+  if (normalized === '' || !/^[A-Za-z][A-Za-z0-9:_-]*$/u.test(normalized)) return
packages/minecraft/tool-mc-project/src/index.ts:304: trailing whitespace.
+  pushUnique(state.gradleTaskCandidates, normalized)
packages/minecraft/tool-mc-project/src/index.ts:305: trailing whitespace.
+}
packages/minecraft/tool-mc-project/src/index.ts:306: trailing whitespace.
+
packages/minecraft/tool-mc-project/src/index.ts:307: trailing whitespace.
+function scanGradleTaskDeclarations(state: DetectionState, text: string): void {
packages/minecraft/tool-mc-project/src/index.ts:308: trailing whitespace.
+  for (const match of text.matchAll(/\btasks\.(?:register|named|create)\s*(?:<[^>]+>\s*)?\(\s*["']([^"']+)["']/gu)) {
packages/minecraft/tool-mc-project/src/index.ts:309: trailing whitespace.
+    const task = match[1]
packages/minecraft/tool-mc-project/src/index.ts:310: trailing whitespace.
+    /* v8 ignore next -- the capture is guaranteed by the declaration regex. */
packages/minecraft/tool-mc-project/src/index.ts:311: trailing whitespace.
+    if (task !== undefined) addGradleTask(state, task)
packages/minecraft/tool-mc-project/src/index.ts:312: trailing whitespace.
+  }
packages/minecraft/tool-mc-project/src/index.ts:313: trailing whitespace.
+  for (const match of text.matchAll(/\btask\s+(?:["']([^"']+)["']|([A-Za-z][A-Za-z0-9:_-]*))/gu)) {
packages/minecraft/tool-mc-project/src/index.ts:314: trailing whitespace.
+    const task = match[1] ?? match[2]
packages/minecraft/tool-mc-project/src/index.ts:315: trailing whitespace.
+    /* v8 ignore next -- the alternation guarantees one task capture. */
packages/minecraft/tool-mc-project/src/index.ts:316: trailing whitespace.
+    if (task !== undefined) addGradleTask(state, task)
packages/minecraft/tool-mc-project/src/index.ts:317: trailing whitespace.
+  }
packages/minecraft/tool-mc-project/src/index.ts:318: trailing whitespace.
+}
packages/minecraft/tool-mc-project/src/index.ts:319: trailing whitespace.
+
packages/minecraft/tool-mc-project/src/index.ts:320: trailing whitespace.
+function addMinecraftVersion(state: DetectionState, value: string, source: string, evidence: string): void {
packages/minecraft/tool-mc-project/src/index.ts:321: trailing whitespace.
+  state.minecraftVersions.push({
packages/minecraft/tool-mc-project/src/index.ts:322: trailing whitespace.
+    value,
packages/minecraft/tool-mc-project/src/index.ts:323: trailing whitespace.
+    classification: classifyVersion(value),
packages/minecraft/tool-mc-project/src/index.ts:324: trailing whitespace.
+    source,
packages/minecraft/tool-mc-project/src/index.ts:325: trailing whitespace.
+    evidence,
packages/minecraft/tool-mc-project/src/index.ts:326: trailing whitespace.
+  })
packages/minecraft/tool-mc-project/src/index.ts:327: trailing whitespace.
+}
packages/minecraft/tool-mc-project/src/index.ts:328: trailing whitespace.
+
packages/minecraft/tool-mc-project/src/index.ts:329: trailing whitespace.
+function addMapping(state: DetectionState, type: string, version: string | null, source: string, evidence: string): void {
packages/minecraft/tool-mc-project/src/index.ts:330: trailing whitespace.
+  state.mappings.push({
packages/minecraft/tool-mc-project/src/index.ts:331: trailing whitespace.
+    type,
packages/minecraft/tool-mc-project/src/index.ts:332: trailing whitespace.
+    version: type === 'yarn' && version?.endsWith(':v2') === true ? version.slice(0, -3) : version,
packages/minecraft/tool-mc-project/src/index.ts:333: trailing whitespace.
+    source,
packages/minecraft/tool-mc-project/src/index.ts:334: trailing whitespace.
+    evidence,
packages/minecraft/tool-mc-project/src/index.ts:335: trailing whitespace.
+  })
packages/minecraft/tool-mc-project/src/index.ts:336: trailing whitespace.
+}
packages/minecraft/tool-mc-project/src/index.ts:337: trailing whitespace.
+
packages/minecraft/tool-mc-project/src/index.ts:338: trailing whitespace.
+function concreteVersion(value: string | undefined): string | undefined {
packages/minecraft/tool-mc-project/src/index.ts:339: trailing whitespace.
+  if (value === undefined || /[$}{]/u.test(value)) return undefined
packages/minecraft/tool-mc-project/src/index.ts:340: trailing whitespace.
+  return value
packages/minecraft/tool-mc-project/src/index.ts:341: trailing whitespace.
+}
packages/minecraft/tool-mc-project/src/index.ts:342: trailing whitespace.
+
packages/minecraft/tool-mc-project/src/index.ts:343: trailing whitespace.
+function classifyVersion(value: string): VersionClassification {
packages/minecraft/tool-mc-project/src/index.ts:344: trailing whitespace.
+  return /^(?:[<>=~^]|[[(])/u.test(value)
packages/minecraft/tool-mc-project/src/index.ts:345: trailing whitespace.
+    || /(?:\s|\|\||[*xX]|,)/u.test(value)
packages/minecraft/tool-mc-project/src/index.ts:346: trailing whitespace.
+    ? 'range'
packages/minecraft/tool-mc-project/src/index.ts:347: trailing whitespace.
+    : 'exact'
packages/minecraft/tool-mc-project/src/index.ts:348: trailing whitespace.
+}
packages/minecraft/tool-mc-project/src/index.ts:349: trailing whitespace.
+
packages/minecraft/tool-mc-project/src/index.ts:350: trailing whitespace.
+function isMixinFile(path: string): boolean {
packages/minecraft/tool-mc-project/src/index.ts:351: trailing whitespace.
+  return /\.mixins?\.json$/u.test(path) || /mixins?.*\.json$/u.test(posix.basename(path))
packages/minecraft/tool-mc-project/src/index.ts:352: trailing whitespace.
+}
packages/minecraft/tool-mc-project/src/index.ts:353: trailing whitespace.
+
packages/minecraft/tool-mc-project/src/index.ts:354: trailing whitespace.
+function stringAt(record: unknown, key: string): string | undefined {
packages/minecraft/tool-mc-project/src/index.ts:355: trailing whitespace.
+  return typeof record === 'object' && record !== null && typeof (record as Record<string, unknown>)[key] === 'string'
packages/minecraft/tool-mc-project/src/index.ts:356: trailing whitespace.
+    ? (record as Record<string, string>)[key]
packages/minecraft/tool-mc-project/src/index.ts:357: trailing whitespace.
+    : undefined
packages/minecraft/tool-mc-project/src/index.ts:358: trailing whitespace.
+}
packages/minecraft/tool-mc-project/src/index.ts:359: trailing whitespace.
+
packages/minecraft/tool-mc-project/src/index.ts:360: trailing whitespace.
+function arrayAt(record: unknown, key: string): unknown[] | undefined {
packages/minecraft/tool-mc-project/src/index.ts:361: trailing whitespace.
+  return typeof record === 'object' && record !== null && Array.isArray((record as Record<string, unknown>)[key])
packages/minecraft/tool-mc-project/src/index.ts:362: trailing whitespace.
+    ? (record as Record<string, unknown[]>)[key]
packages/minecraft/tool-mc-project/src/index.ts:363: trailing whitespace.
+    : undefined
packages/minecraft/tool-mc-project/src/index.ts:364: trailing whitespace.
+}
packages/minecraft/tool-mc-project/src/index.ts:365: trailing whitespace.
+
packages/minecraft/tool-mc-project/src/index.ts:366: trailing whitespace.
+function scanGradleText(state: DetectionState, file: TextFile): void {
packages/minecraft/tool-mc-project/src/index.ts:367: trailing whitespace.
+  scanGradleTaskDeclarations(state, file.text)
packages/minecraft/tool-mc-project/src/index.ts:368: trailing whitespace.
+  for (const pattern of LOADER_PATTERNS) {
packages/minecraft/tool-mc-project/src/index.ts:369: trailing whitespace.
+    if (pattern.regex.test(file.text)) addLoader(state, pattern.loader, `${file.path}: ${pattern.label}`)
packages/minecraft/tool-mc-project/src/index.ts:370: trailing whitespace.
+  }
packages/minecraft/tool-mc-project/src/index.ts:371: trailing whitespace.
+
packages/minecraft/tool-mc-project/src/index.ts:372: trailing whitespace.
+  const minecraftPropertyPattern =
packages/minecraft/tool-mc-project/src/index.ts:373: trailing whitespace.
+    /^\s*(?:minecraft[_-]?version|minecraft_version|minecraftVersion)\s*=\s*["']?([^"'\s#]+)["']?/gimu
packages/minecraft/tool-mc-project/src/index.ts:374: trailing whitespace.
+  for (const match of file.text.matchAll(minecraftPropertyPattern)) {
packages/minecraft/tool-mc-project/src/index.ts:375: trailing whitespace.
+    const value = concreteVersion(match[1])
packages/minecraft/tool-mc-project/src/index.ts:376: trailing whitespace.
+    if (value !== undefined) addMinecraftVersion(state, value, file.path, 'Minecraft version property')
packages/minecraft/tool-mc-project/src/index.ts:377: trailing whitespace.
+  }
packages/minecraft/tool-mc-project/src/index.ts:378: trailing whitespace.
+  const minecraftDeclarationPattern =
packages/minecraft/tool-mc-project/src/index.ts:379: trailing whitespace.
+    /(?:com\.mojang:minecraft:|minecraft_version\s*=\s*["']|minecraftVersion\s*=\s*["'])([^"'\s)]+)/gimu
packages/minecraft/tool-mc-project/src/index.ts:380: trailing whitespace.
+  for (const match of file.text.matchAll(minecraftDeclarationPattern)) {
packages/minecraft/tool-mc-project/src/index.ts:381: trailing whitespace.
+    const value = concreteVersion(match[1])
packages/minecraft/tool-mc-project/src/index.ts:382: trailing whitespace.
+    if (value !== undefined) addMinecraftVersion(state, value, file.path, 'Minecraft dependency/version declaration')
packages/minecraft/tool-mc-project/src/index.ts:383: trailing whitespace.
+  }
packages/minecraft/tool-mc-project/src/index.ts:384: trailing whitespace.
+
packages/minecraft/tool-mc-project/src/index.ts:385: trailing whitespace.
+  for (const match of file.text.matchAll(/^\s*(?:yarn_mappings|yarnMappings)\s*=\s*["']?([^"'\s#]+)["']?/gimu)) {
packages/minecraft/tool-mc-project/src/index.ts:386: trailing whitespace.
+    addMapping(state, 'yarn', concreteVersion(match[1]) ?? null, file.path, 'Yarn mappings property')
packages/minecraft/tool-mc-project/src/index.ts:387: trailing whitespace.
+  }
packages/minecraft/tool-mc-project/src/index.ts:388: trailing whitespace.
+  for (const match of file.text.matchAll(/net\.fabricmc:yarn:([^"'\s)]+)/gimu)) {
packages/minecraft/tool-mc-project/src/index.ts:389: trailing whitespace.
+    const value = concreteVersion(match[1])
packages/minecraft/tool-mc-project/src/index.ts:390: trailing whitespace.
+    if (value !== undefined) addMapping(state, 'yarn', value, file.path, 'Yarn mappings dependency')
packages/minecraft/tool-mc-project/src/index.ts:391: trailing whitespace.
+  }
packages/minecraft/tool-mc-project/src/index.ts:392: trailing whitespace.
+  if (/\bofficialMojangMappings\s*\(/u.test(file.text)) {
packages/minecraft/tool-mc-project/src/index.ts:393: trailing whitespace.
+    addMapping(state, 'official', null, file.path, 'officialMojangMappings()')
packages/minecraft/tool-mc-project/src/index.ts:394: trailing whitespace.
+  }
packages/minecraft/tool-mc-project/src/index.ts:395: trailing whitespace.
+  for (const match of file.text.matchAll(/org\.parchmentmc\.data:parchment-[^:]+:([^"'\s)]+)/gimu)) {
packages/minecraft/tool-mc-project/src/index.ts:396: trailing whitespace.
+    const value = concreteVersion(match[1])
packages/minecraft/tool-mc-project/src/index.ts:397: trailing whitespace.
+    if (value !== undefined) addMapping(state, 'parchment', value, file.path, 'Parchment mappings dependency')
packages/minecraft/tool-mc-project/src/index.ts:398: trailing whitespace.
+  }
packages/minecraft/tool-mc-project/src/index.ts:399: trailing whitespace.
+
packages/minecraft/tool-mc-project/src/index.ts:400: trailing whitespace.
+  for (const match of file.text.matchAll(/^\s*(?:mod[_-]?id|modId)\s*=\s*["']?([a-z0-9_.-]+)["']?/gimu)) {
packages/minecraft/tool-mc-project/src/index.ts:401: trailing whitespace.
+    addModId(state, match[1], `${file.path}: mod id property`, 'medium')
packages/minecraft/tool-mc-project/src/index.ts:402: trailing whitespace.
+  }
packages/minecraft/tool-mc-project/src/index.ts:403: trailing whitespace.
+  for (const match of file.text.matchAll(/^\s*(?:archives[_-]?base[_-]?name|archivesName)\s*=\s*["']?([a-z0-9_.-]+)["']?/gimu)) {
packages/minecraft/tool-mc-project/src/index.ts:404: trailing whitespace.
+    addModId(state, match[1], `${file.path}: archive name`, 'low')
packages/minecraft/tool-mc-project/src/index.ts:405: trailing whitespace.
+  }
packages/minecraft/tool-mc-project/src/index.ts:406: trailing whitespace.
+
packages/minecraft/tool-mc-project/src/index.ts:407: trailing whitespace.
+  if (/\b(?:runDatagen|runData|DataGeneratorEntrypoint|GatherDataEvent|datagen)\b/u.test(file.text)) {
packages/minecraft/tool-mc-project/src/index.ts:408: trailing whitespace.
+    state.datagen.push({ kind: 'gradle', source: file.path, detail: 'Gradle text contains datagen task or API clues' })
packages/minecraft/tool-mc-project/src/index.ts:409: trailing whitespace.
+  }
packages/minecraft/tool-mc-project/src/index.ts:410: trailing whitespace.
+}
packages/minecraft/tool-mc-project/src/index.ts:411: trailing whitespace.
+
packages/minecraft/tool-mc-project/src/index.ts:412: trailing whitespace.
+/** Extract statically declared Gradle resource directories. */
packages/minecraft/tool-mc-project/src/index.ts:413: trailing whitespace.
+function scanCustomResourceRoots(state: DetectionState, text: string): void {
packages/minecraft/tool-mc-project/src/index.ts:414: trailing whitespace.
+  const calls = /\b(?:resources\s*\.\s*)?srcDirs?\s*\(([^)]*)\)/giu
packages/minecraft/tool-mc-project/src/index.ts:415: trailing whitespace.
+  let match: RegExpExecArray | null
packages/minecraft/tool-mc-project/src/index.ts:416: trailing whitespace.
+  while ((match = calls.exec(text)) !== null) {
packages/minecraft/tool-mc-project/src/index.ts:417: trailing whitespace.
+    const literals = [...(match[1] ?? '').matchAll(/['"]([^'"]+)['"]/gu)].map(item => item[1]!)
packages/minecraft/tool-mc-project/src/index.ts:418: trailing whitespace.
+    if (literals.length === 0 && (match[1] ?? '').trim().length > 0) {
packages/minecraft/tool-mc-project/src/index.ts:419: trailing whitespace.
+      state.warnings.push('Gradle resource directory declaration could not be statically inspected')
packages/minecraft/tool-mc-project/src/index.ts:420: trailing whitespace.
+    }
packages/minecraft/tool-mc-project/src/index.ts:421: trailing whitespace.
+    for (const literal of literals) {
packages/minecraft/tool-mc-project/src/index.ts:422: trailing whitespace.
+      if (literal.includes('$') || literal.includes('{')) continue
packages/minecraft/tool-mc-project/src/index.ts:423: trailing whitespace.
+      pushUnique(state.customResourceRoots, literal.replaceAll('\\', '/').replace(/^\.\//u, ''))
packages/minecraft/tool-mc-project/src/index.ts:424: trailing whitespace.
+    }
packages/minecraft/tool-mc-project/src/index.ts:425: trailing whitespace.
+  }
packages/minecraft/tool-mc-project/src/index.ts:426: trailing whitespace.
+}
packages/minecraft/tool-mc-project/src/index.ts:427: trailing whitespace.
+
packages/minecraft/tool-mc-project/src/index.ts:428: trailing whitespace.
+function scanVersionsToml(state: DetectionState, file: TextFile): void {
packages/minecraft/tool-mc-project/src/index.ts:429: trailing whitespace.
+  let document: unknown
packages/minecraft/tool-mc-project/src/index.ts:430: trailing whitespace.
+  try {
packages/minecraft/tool-mc-project/src/index.ts:431: trailing whitespace.
+    document = parseToml(file.text, { integersAsBigInt: false })
packages/minecraft/tool-mc-project/src/index.ts:432: trailing whitespace.
+  } catch (error) {
packages/minecraft/tool-mc-project/src/index.ts:433: trailing whitespace.
+    /* v8 ignore next -- smol-toml always throws Error instances for parser failures. */
packages/minecraft/tool-mc-project/src/index.ts:434: trailing whitespace.
+    state.warnings.push(`${file.path}: could not parse TOML (${error instanceof Error ? error.message : String(error)})`)
packages/minecraft/tool-mc-project/src/index.ts:435: trailing whitespace.
+    return
packages/minecraft/tool-mc-project/src/index.ts:436: trailing whitespace.
+  }
packages/minecraft/tool-mc-project/src/index.ts:437: trailing whitespace.
+  /* v8 ignore next -- smol-toml returns a table object for every successful parse. */
packages/minecraft/tool-mc-project/src/index.ts:438: trailing whitespace.
+  const versions = typeof document === 'object' && document !== null
packages/minecraft/tool-mc-project/src/index.ts:439: trailing whitespace.
+    ? (document as Record<string, unknown>).versions
packages/minecraft/tool-mc-project/src/index.ts:440: trailing whitespace.
+    : undefined
packages/minecraft/tool-mc-project/src/index.ts:441: trailing whitespace.
+  if (typeof versions !== 'object' || versions === null) return
packages/minecraft/tool-mc-project/src/index.ts:442: trailing whitespace.
+  for (const key of ['minecraft', 'minecraft_version', 'minecraftVersion']) {
packages/minecraft/tool-mc-project/src/index.ts:443: trailing whitespace.
+    const value = (versions as Record<string, unknown>)[key]
packages/minecraft/tool-mc-project/src/index.ts:444: trailing whitespace.
+    if (typeof value === 'string') addMinecraftVersion(state, value, file.path, `versions.${key}`)
packages/minecraft/tool-mc-project/src/index.ts:445: trailing whitespace.
+  }
packages/minecraft/tool-mc-project/src/index.ts:446: trailing whitespace.
+  for (const [key, type] of [['yarn', 'yarn'], ['parchment', 'parchment'], ['mappings', 'unknown']] as const) {
packages/minecraft/tool-mc-project/src/index.ts:447: trailing whitespace.
+    const value = (versions as Record<string, unknown>)[key]
packages/minecraft/tool-mc-project/src/index.ts:448: trailing whitespace.
+    if (typeof value === 'string') addMapping(state, type, value, file.path, `versions.${key}`)
packages/minecraft/tool-mc-project/src/index.ts:449: trailing whitespace.
+  }
packages/minecraft/tool-mc-project/src/index.ts:450: trailing whitespace.
+}
packages/minecraft/tool-mc-project/src/index.ts:451: trailing whitespace.
+
packages/minecraft/tool-mc-project/src/index.ts:452: trailing whitespace.
+function parseMetadata(state: DetectionState, file: TextFile, format: 'JSON' | 'TOML'): Record<string, unknown> | undefined {
packages/minecraft/tool-mc-project/src/index.ts:453: trailing whitespace.
+  let document: unknown
packages/minecraft/tool-mc-project/src/index.ts:454: trailing whitespace.
+  try {
packages/minecraft/tool-mc-project/src/index.ts:455: trailing whitespace.
+    document = format === 'JSON' ? JSON.parse(file.text) as unknown : parseToml(file.text, { integersAsBigInt: false })
packages/minecraft/tool-mc-project/src/index.ts:456: trailing whitespace.
+  } catch (error) {
packages/minecraft/tool-mc-project/src/index.ts:457: trailing whitespace.
+    /* v8 ignore next -- both parsers throw Error instances. */
packages/minecraft/tool-mc-project/src/index.ts:458: trailing whitespace.
+    const message = `could not parse ${format} (${error instanceof Error ? error.message : String(error)})`
packages/minecraft/tool-mc-project/src/index.ts:459: trailing whitespace.
+    state.warnings.push(`${file.path}: ${message}`)
packages/minecraft/tool-mc-project/src/index.ts:460: trailing whitespace.
+    addResourceIssue(state.metadataErrors, 'invalid_metadata', file.path, message)
packages/minecraft/tool-mc-project/src/index.ts:461: trailing whitespace.
+    return undefined
packages/minecraft/tool-mc-project/src/index.ts:462: trailing whitespace.
+  }
packages/minecraft/tool-mc-project/src/index.ts:463: trailing whitespace.
+  const record = objectRecord(document)
packages/minecraft/tool-mc-project/src/index.ts:464: trailing whitespace.
+  if (record === undefined) {
packages/minecraft/tool-mc-project/src/index.ts:465: trailing whitespace.
+    const message = `Mod metadata ${format} must contain an object at the root.`
packages/minecraft/tool-mc-project/src/index.ts:466: trailing whitespace.
+    state.warnings.push(`${file.path}: ${message}`)
packages/minecraft/tool-mc-project/src/index.ts:467: trailing whitespace.
+    addResourceIssue(state.metadataErrors, 'invalid_metadata', file.path, message)
packages/minecraft/tool-mc-project/src/index.ts:468: trailing whitespace.
+  }
packages/minecraft/tool-mc-project/src/index.ts:469: trailing whitespace.
+  return record
packages/minecraft/tool-mc-project/src/index.ts:470: trailing whitespace.
+}
packages/minecraft/tool-mc-project/src/index.ts:471: trailing whitespace.
+
packages/minecraft/tool-mc-project/src/index.ts:472: trailing whitespace.
+function scanFabricMetadata(state: DetectionState, file: TextFile): void {
packages/minecraft/tool-mc-project/src/index.ts:473: trailing whitespace.
+  const document = parseMetadata(state, file, 'JSON')
packages/minecraft/tool-mc-project/src/index.ts:474: trailing whitespace.
+  if (document === undefined) {
packages/minecraft/tool-mc-project/src/index.ts:475: trailing whitespace.
+    return
packages/minecraft/tool-mc-project/src/index.ts:476: trailing whitespace.
+  }
packages/minecraft/tool-mc-project/src/index.ts:477: trailing whitespace.
+  addLoader(state, 'fabric', `${file.path}: fabric.mod.json`)
packages/minecraft/tool-mc-project/src/index.ts:478: trailing whitespace.
+  addModId(state, stringAt(document, 'id'), `${file.path}: id`, 'high')
packages/minecraft/tool-mc-project/src/index.ts:479: trailing whitespace.
+  const mixins = arrayAt(document, 'mixins') ?? []
packages/minecraft/tool-mc-project/src/index.ts:480: trailing whitespace.
+  for (const mixin of mixins) {
packages/minecraft/tool-mc-project/src/index.ts:481: trailing whitespace.
+    if (typeof mixin === 'string') state.mixins.push({ path: mixin, source: `${file.path}: mixins` })
packages/minecraft/tool-mc-project/src/index.ts:482: trailing whitespace.
+    else if (typeof mixin === 'object' && mixin !== null) {
packages/minecraft/tool-mc-project/src/index.ts:483: trailing whitespace.
+      const config = stringAt(mixin, 'config')
packages/minecraft/tool-mc-project/src/index.ts:484: trailing whitespace.
+      if (config !== undefined) state.mixins.push({ path: config, source: `${file.path}: mixins.config` })
packages/minecraft/tool-mc-project/src/index.ts:485: trailing whitespace.
+    }
packages/minecraft/tool-mc-project/src/index.ts:486: trailing whitespace.
+  }
packages/minecraft/tool-mc-project/src/index.ts:487: trailing whitespace.
+  const entrypoints = document.entrypoints
packages/minecraft/tool-mc-project/src/index.ts:488: trailing whitespace.
+  const datagen = arrayAt(entrypoints, 'fabric-datagen')
packages/minecraft/tool-mc-project/src/index.ts:489: trailing whitespace.
+  if (datagen !== undefined && datagen.length > 0) {
packages/minecraft/tool-mc-project/src/index.ts:490: trailing whitespace.
+    state.datagen.push({ kind: 'fabric-datagen-entrypoint', source: file.path, detail: 'fabric.mod.json declares entrypoints.fabric-datagen' })
packages/minecraft/tool-mc-project/src/index.ts:491: trailing whitespace.
+  }
packages/minecraft/tool-mc-project/src/index.ts:492: trailing whitespace.
+  const depends = document.depends
packages/minecraft/tool-mc-project/src/index.ts:493: trailing whitespace.
+  const minecraft = stringAt(depends, 'minecraft')
packages/minecraft/tool-mc-project/src/index.ts:494: trailing whitespace.
+  if (minecraft !== undefined) addMinecraftVersion(state, minecraft, file.path, 'depends.minecraft')
packages/minecraft/tool-mc-project/src/index.ts:495: trailing whitespace.
+}
packages/minecraft/tool-mc-project/src/index.ts:496: trailing whitespace.
+
packages/minecraft/tool-mc-project/src/index.ts:497: trailing whitespace.
+function scanQuiltMetadata(state: DetectionState, file: TextFile): void {
packages/minecraft/tool-mc-project/src/index.ts:498: trailing whitespace.
+  const document = parseMetadata(state, file, 'JSON')
packages/minecraft/tool-mc-project/src/index.ts:499: trailing whitespace.
+  if (document === undefined) return
packages/minecraft/tool-mc-project/src/index.ts:500: trailing whitespace.
+  addLoader(state, 'quilt', `${file.path}: quilt.mod.json`)
packages/minecraft/tool-mc-project/src/index.ts:501: trailing whitespace.
+  const quiltLoader = document.quilt_loader
packages/minecraft/tool-mc-project/src/index.ts:502: trailing whitespace.
+  addModId(state, stringAt(quiltLoader, 'id'), `${file.path}: quilt_loader.id`, 'high')
packages/minecraft/tool-mc-project/src/index.ts:503: trailing whitespace.
+  const mixins = arrayAt(quiltLoader, 'mixin') ?? arrayAt(quiltLoader, 'mixins') ?? []
packages/minecraft/tool-mc-project/src/index.ts:504: trailing whitespace.
+  for (const mixin of mixins) {
packages/minecraft/tool-mc-project/src/index.ts:505: trailing whitespace.
+    if (typeof mixin === 'string') state.mixins.push({ path: mixin, source: `${file.path}: quilt_loader mixins` })
packages/minecraft/tool-mc-project/src/index.ts:506: trailing whitespace.
+  }
packages/minecraft/tool-mc-project/src/index.ts:507: trailing whitespace.
+}
packages/minecraft/tool-mc-project/src/index.ts:508: trailing whitespace.
+
packages/minecraft/tool-mc-project/src/index.ts:509: trailing whitespace.
+function scanTomlMetadata(state: DetectionState, file: TextFile): void {
packages/minecraft/tool-mc-project/src/index.ts:510: trailing whitespace.
+  const document = parseMetadata(state, file, 'TOML')
packages/minecraft/tool-mc-project/src/index.ts:511: trailing whitespace.
+  if (document === undefined) return
packages/minecraft/tool-mc-project/src/index.ts:512: trailing whitespace.
+  const loader: Exclude<Loader, 'unknown'> = posix.basename(file.path) === 'neoforge.mods.toml' ? 'neoforge' : 'forge'
packages/minecraft/tool-mc-project/src/index.ts:513: trailing whitespace.
+  addLoader(state, loader, `${file.path}: ${posix.basename(file.path)}`)
packages/minecraft/tool-mc-project/src/index.ts:514: trailing whitespace.
+  const mods = arrayAt(document, 'mods') ?? []
packages/minecraft/tool-mc-project/src/index.ts:515: trailing whitespace.
+  for (const mod of mods) addModId(state, stringAt(mod, 'modId'), `${file.path}: [[mods]].modId`, 'high')
packages/minecraft/tool-mc-project/src/index.ts:516: trailing whitespace.
+}
packages/minecraft/tool-mc-project/src/index.ts:517: trailing whitespace.
+
packages/minecraft/tool-mc-project/src/index.ts:518: trailing whitespace.
+function scanSourceText(state: DetectionState, file: TextFile): void {
packages/minecraft/tool-mc-project/src/index.ts:519: trailing whitespace.
+  if (/\bDataGeneratorEntrypoint\b/u.test(file.text)) {
packages/minecraft/tool-mc-project/src/index.ts:520: trailing whitespace.
+    state.datagen.push({ kind: 'fabric-datagen-source', source: file.path, detail: 'Source implements or references DataGeneratorEntrypoint' })
packages/minecraft/tool-mc-project/src/index.ts:521: trailing whitespace.
+  }
packages/minecraft/tool-mc-project/src/index.ts:522: trailing whitespace.
+  if (/\bGatherDataEvent\b/u.test(file.text)) {
packages/minecraft/tool-mc-project/src/index.ts:523: trailing whitespace.
+    state.datagen.push({ kind: 'forge-datagen-source', source: file.path, detail: 'Source references GatherDataEvent' })
packages/minecraft/tool-mc-project/src/index.ts:524: trailing whitespace.
+  }
packages/minecraft/tool-mc-project/src/index.ts:525: trailing whitespace.
+}
packages/minecraft/tool-mc-project/src/index.ts:526: trailing whitespace.
+
packages/minecraft/tool-mc-project/src/index.ts:527: trailing whitespace.
+function chooseLoader(state: DetectionState): Loader {
packages/minecraft/tool-mc-project/src/index.ts:528: trailing whitespace.
+  const found = [...state.loaderEvidence.entries()].filter(([, evidence]) => evidence.length > 0)
packages/minecraft/tool-mc-project/src/index.ts:529: trailing whitespace.
+  if (found.length === 0) return 'unknown'
packages/minecraft/tool-mc-project/src/index.ts:530: trailing whitespace.
+  if (found.length === 1) {
packages/minecraft/tool-mc-project/src/index.ts:531: trailing whitespace.
+    const first = found[0] as [Exclude<Loader, 'unknown'>, string[]]
packages/minecraft/tool-mc-project/src/index.ts:532: trailing whitespace.
+    return first[0]
packages/minecraft/tool-mc-project/src/index.ts:533: trailing whitespace.
+  }
packages/minecraft/tool-mc-project/src/index.ts:534: trailing whitespace.
+  state.warnings.push(`conflicting loader evidence: ${found.map(([loader]) => loader).join(', ')}`)
packages/minecraft/tool-mc-project/src/index.ts:535: trailing whitespace.
+  return 'unknown'
packages/minecraft/tool-mc-project/src/index.ts:536: trailing whitespace.
+}
packages/minecraft/tool-mc-project/src/index.ts:537: trailing whitespace.
+
packages/minecraft/tool-mc-project/src/index.ts:538: trailing whitespace.
+function chooseMinecraftVersion(state: DetectionState): MinecraftVersionResult {
packages/minecraft/tool-mc-project/src/index.ts:539: trailing whitespace.
+  const candidates = uniq(
packages/minecraft/tool-mc-project/src/index.ts:540: trailing whitespace.
+    state.minecraftVersions,
packages/minecraft/tool-mc-project/src/index.ts:541: trailing whitespace.
+    item => `${item.value}\0${item.classification}\0${item.source}\0${item.evidence}`,
packages/minecraft/tool-mc-project/src/index.ts:542: trailing whitespace.
+  )
packages/minecraft/tool-mc-project/src/index.ts:543: trailing whitespace.
+  if (candidates.length === 0) return { status: 'unknown', candidates: [] }
packages/minecraft/tool-mc-project/src/index.ts:544: trailing whitespace.
+  const exactValues = uniq(candidates.filter(candidate => candidate.classification === 'exact').map(candidate => candidate.value), value => value)
packages/minecraft/tool-mc-project/src/index.ts:545: trailing whitespace.
+  const rangeValues = uniq(candidates.filter(candidate => candidate.classification === 'range').map(candidate => candidate.value), value => value)
packages/minecraft/tool-mc-project/src/index.ts:546: trailing whitespace.
+  if (exactValues.length === 1) {
packages/minecraft/tool-mc-project/src/index.ts:547: trailing whitespace.
+    const exact = exactValues[0] as string
packages/minecraft/tool-mc-project/src/index.ts:548: trailing whitespace.
+    if (rangeValues.every(range => rangeIncludesExact(range, exact))) {
packages/minecraft/tool-mc-project/src/index.ts:549: trailing whitespace.
+      return { status: 'determined', value: exact, classification: 'exact', candidates }
packages/minecraft/tool-mc-project/src/index.ts:550: trailing whitespace.
+    }
packages/minecraft/tool-mc-project/src/index.ts:551: trailing whitespace.
+  } else if (exactValues.length === 0 && rangeValues.length === 1) {
packages/minecraft/tool-mc-project/src/index.ts:552: trailing whitespace.
+    return { status: 'determined', value: rangeValues[0] as string, classification: 'range', candidates }
packages/minecraft/tool-mc-project/src/index.ts:553: trailing whitespace.
+  }
packages/minecraft/tool-mc-project/src/index.ts:554: trailing whitespace.
+  state.warnings.push(`conflicting Minecraft version candidates: ${uniq(candidates.map(candidate => candidate.value), value => value).join(', ')}`)
packages/minecraft/tool-mc-project/src/index.ts:555: trailing whitespace.
+  return { status: 'conflict', candidates }
packages/minecraft/tool-mc-project/src/index.ts:556: trailing whitespace.
+}
packages/minecraft/tool-mc-project/src/index.ts:557: trailing whitespace.
+
packages/minecraft/tool-mc-project/src/index.ts:558: trailing whitespace.
+function rangeIncludesExact(range: string, exact: string): boolean {
packages/minecraft/tool-mc-project/src/index.ts:559: trailing whitespace.
+  const parsedExact = valid(exact, { loose: true })
packages/minecraft/tool-mc-project/src/index.ts:560: trailing whitespace.
+  const parsedRange = validRange(range, { loose: true })
packages/minecraft/tool-mc-project/src/index.ts:561: trailing whitespace.
+  return parsedExact !== null
packages/minecraft/tool-mc-project/src/index.ts:562: trailing whitespace.
+    && parsedRange !== null
packages/minecraft/tool-mc-project/src/index.ts:563: trailing whitespace.
+    && satisfies(parsedExact, parsedRange, { includePrerelease: true, loose: true })
packages/minecraft/tool-mc-project/src/index.ts:564: trailing whitespace.
+}
packages/minecraft/tool-mc-project/src/index.ts:565: trailing whitespace.
+
packages/minecraft/tool-mc-project/src/index.ts:566: trailing whitespace.
+function chooseMappings(state: DetectionState): MappingsResult {
packages/minecraft/tool-mc-project/src/index.ts:567: trailing whitespace.
+  const candidates = uniq(state.mappings, mapping =>
packages/minecraft/tool-mc-project/src/index.ts:568: trailing whitespace.
+    `${mapping.type}\0${mapping.version ?? ''}\0${mapping.source}\0${mapping.evidence}`)
packages/minecraft/tool-mc-project/src/index.ts:569: trailing whitespace.
+  if (candidates.length === 0) return { status: 'unknown', candidates: [] }
packages/minecraft/tool-mc-project/src/index.ts:570: trailing whitespace.
+  const facts = uniq(candidates, mapping => `${mapping.type}\0${mapping.version ?? ''}`)
packages/minecraft/tool-mc-project/src/index.ts:571: trailing whitespace.
+  if (facts.length === 1) {
packages/minecraft/tool-mc-project/src/index.ts:572: trailing whitespace.
+    const first = facts[0] as MappingsCandidate
packages/minecraft/tool-mc-project/src/index.ts:573: trailing whitespace.
+    return { status: 'determined', type: first.type, version: first.version, candidates }
packages/minecraft/tool-mc-project/src/index.ts:574: trailing whitespace.
+  }
packages/minecraft/tool-mc-project/src/index.ts:575: trailing whitespace.
+  state.warnings.push(`conflicting mappings candidates: ${facts.map(mapping => `${mapping.type}${mapping.version === null ? '' : ` ${mapping.version}`}`).join(', ')}`)
packages/minecraft/tool-mc-project/src/index.ts:576: trailing whitespace.
+  return { status: 'conflict', candidates }
packages/minecraft/tool-mc-project/src/index.ts:577: trailing whitespace.
+}
packages/minecraft/tool-mc-project/src/index.ts:578: trailing whitespace.
+
packages/minecraft/tool-mc-project/src/index.ts:579: trailing whitespace.
+function outputSummarySchema() {
packages/minecraft/tool-mc-project/src/index.ts:580: trailing whitespace.
+  return {
packages/minecraft/tool-mc-project/src/index.ts:581: trailing whitespace.
+    type: 'object',
packages/minecraft/tool-mc-project/src/index.ts:582: trailing whitespace.
+    additionalProperties: false,
packages/minecraft/tool-mc-project/src/index.ts:583: trailing whitespace.
+    properties: {
packages/minecraft/tool-mc-project/src/index.ts:584: trailing whitespace.
+      text: { type: 'string', required: true },
packages/minecraft/tool-mc-project/src/index.ts:585: trailing whitespace.
+      truncated: { type: 'boolean', required: true },
packages/minecraft/tool-mc-project/src/index.ts:586: trailing whitespace.
+      spillPath: { type: 'string' },
packages/minecraft/tool-mc-project/src/index.ts:587: trailing whitespace.
+    },
packages/minecraft/tool-mc-project/src/index.ts:588: trailing whitespace.
+  } as const
packages/minecraft/tool-mc-project/src/index.ts:589: trailing whitespace.
+}
packages/minecraft/tool-mc-project/src/index.ts:590: trailing whitespace.
+
packages/minecraft/tool-mc-project/src/index.ts:591: trailing whitespace.
+function sandboxSummarySchema() {
packages/minecraft/tool-mc-project/src/index.ts:592: trailing whitespace.
+  return {
packages/minecraft/tool-mc-project/src/index.ts:593: trailing whitespace.
+    type: 'object',
packages/minecraft/tool-mc-project/src/index.ts:594: trailing whitespace.
+    additionalProperties: false,
packages/minecraft/tool-mc-project/src/index.ts:595: trailing whitespace.
+    properties: {
packages/minecraft/tool-mc-project/src/index.ts:596: trailing whitespace.
+      mode: { type: 'string', required: true },
packages/minecraft/tool-mc-project/src/index.ts:597: trailing whitespace.
+      denied: { type: 'boolean', required: true },
packages/minecraft/tool-mc-project/src/index.ts:598: trailing whitespace.
+      enforcement: { type: 'string' },
packages/minecraft/tool-mc-project/src/index.ts:599: trailing whitespace.
+      runnerFailed: { type: 'boolean' },
packages/minecraft/tool-mc-project/src/index.ts:600: trailing whitespace.
+    },
packages/minecraft/tool-mc-project/src/index.ts:601: trailing whitespace.
+  } as const
packages/minecraft/tool-mc-project/src/index.ts:602: trailing whitespace.
+}
packages/minecraft/tool-mc-project/src/index.ts:603: trailing whitespace.
+
packages/minecraft/tool-mc-project/src/index.ts:604: trailing whitespace.
+function checkOutputSchema() {
packages/minecraft/tool-mc-project/src/index.ts:605: trailing whitespace.
+  const stream = outputSummarySchema()
packages/minecraft/tool-mc-project/src/index.ts:606: trailing whitespace.
+  return {
packages/minecraft/tool-mc-project/src/index.ts:607: trailing whitespace.
+    type: 'object',
packages/minecraft/tool-mc-project/src/index.ts:608: trailing whitespace.
+    additionalProperties: false,
packages/minecraft/tool-mc-project/src/index.ts:609: trailing whitespace.
+    properties: {
packages/minecraft/tool-mc-project/src/index.ts:610: trailing whitespace.
+      commands: { type: 'array', required: true, items: { type: 'string' } },
packages/minecraft/tool-mc-project/src/index.ts:611: trailing whitespace.
+      exitCode: { required: true, oneOf: [{ type: 'integer' }, { type: 'null' }] },
packages/minecraft/tool-mc-project/src/index.ts:612: trailing whitespace.
+      steps: {
packages/minecraft/tool-mc-project/src/index.ts:613: trailing whitespace.
+        type: 'array',
packages/minecraft/tool-mc-project/src/index.ts:614: trailing whitespace.
+        required: true,
packages/minecraft/tool-mc-project/src/index.ts:615: trailing whitespace.
+        items: {
packages/minecraft/tool-mc-project/src/index.ts:616: trailing whitespace.
+          type: 'object',
packages/minecraft/tool-mc-project/src/index.ts:617: trailing whitespace.
+          additionalProperties: false,
packages/minecraft/tool-mc-project/src/index.ts:618: trailing whitespace.
+          properties: {
packages/minecraft/tool-mc-project/src/index.ts:619: trailing whitespace.
+            step: { type: 'string', required: true },
packages/minecraft/tool-mc-project/src/index.ts:620: trailing whitespace.
+            command: { type: 'string' },
packages/minecraft/tool-mc-project/src/index.ts:621: trailing whitespace.
+            status: { type: 'string', required: true, enum: ['passed', 'failed', 'skipped'] },
packages/minecraft/tool-mc-project/src/index.ts:622: trailing whitespace.
+            exitCode: { required: true, oneOf: [{ type: 'integer' }, { type: 'null' }] },
packages/minecraft/tool-mc-project/src/index.ts:623: trailing whitespace.
+            stdout: { ...stream, required: true },
packages/minecraft/tool-mc-project/src/index.ts:624: trailing whitespace.
+            stderr: { ...stream, required: true },
packages/minecraft/tool-mc-project/src/index.ts:625: trailing whitespace.
+            timedOut: { type: 'boolean', required: true },
packages/minecraft/tool-mc-project/src/index.ts:626: trailing whitespace.
+            aborted: { type: 'boolean', required: true },
packages/minecraft/tool-mc-project/src/index.ts:627: trailing whitespace.
+            signal: { required: true, oneOf: [{ type: 'string' }, { type: 'null' }] },
packages/minecraft/tool-mc-project/src/index.ts:628: trailing whitespace.
+            sandbox: sandboxSummarySchema(),
packages/minecraft/tool-mc-project/src/index.ts:629: trailing whitespace.
+            message: { type: 'string' },
packages/minecraft/tool-mc-project/src/index.ts:630: trailing whitespace.
+          },
packages/minecraft/tool-mc-project/src/index.ts:631: trailing whitespace.
+        },
packages/minecraft/tool-mc-project/src/index.ts:632: trailing whitespace.
+      },
packages/minecraft/tool-mc-project/src/index.ts:633: trailing whitespace.
+      failedStep: { required: true, oneOf: [{ type: 'string' }, { type: 'null' }] },
packages/minecraft/tool-mc-project/src/index.ts:634: trailing whitespace.
+      suggestedNextAction: { required: true, oneOf: [{ type: 'string' }, { type: 'null' }] },
packages/minecraft/tool-mc-project/src/index.ts:635: trailing whitespace.
+    },
packages/minecraft/tool-mc-project/src/index.ts:636: trailing whitespace.
+  } as const
packages/minecraft/tool-mc-project/src/index.ts:637: trailing whitespace.
+}
packages/minecraft/tool-mc-project/src/index.ts:638: trailing whitespace.
+
packages/minecraft/tool-mc-project/src/index.ts:639: trailing whitespace.
+function emptyOutput(): OutputSummary {
packages/minecraft/tool-mc-project/src/index.ts:640: trailing whitespace.
+  return { text: '', truncated: false }
packages/minecraft/tool-mc-project/src/index.ts:641: trailing whitespace.
+}
packages/minecraft/tool-mc-project/src/index.ts:642: trailing whitespace.
+
packages/minecraft/tool-mc-project/src/index.ts:643: trailing whitespace.
+function summarizeText(text: string, alreadyTruncated: boolean, spillPath: string | undefined, maxBytes: number): OutputSummary {
packages/minecraft/tool-mc-project/src/index.ts:644: trailing whitespace.
+  const bytes = Buffer.from(text, 'utf8')
packages/minecraft/tool-mc-project/src/index.ts:645: trailing whitespace.
+  if (bytes.length <= maxBytes) {
packages/minecraft/tool-mc-project/src/index.ts:646: trailing whitespace.
+    return {
packages/minecraft/tool-mc-project/src/index.ts:647: trailing whitespace.
+      text,
packages/minecraft/tool-mc-project/src/index.ts:648: trailing whitespace.
+      truncated: alreadyTruncated,
packages/minecraft/tool-mc-project/src/index.ts:649: trailing whitespace.
+      /* v8 ignore next -- spillPath is an optional provider-owned artifact path. */
packages/minecraft/tool-mc-project/src/index.ts:650: trailing whitespace.
+      ...spillPath !== undefined ? { spillPath } : {},
packages/minecraft/tool-mc-project/src/index.ts:651: trailing whitespace.
+    }
packages/minecraft/tool-mc-project/src/index.ts:652: trailing whitespace.
+  }
packages/minecraft/tool-mc-project/src/index.ts:653: trailing whitespace.
+  const markerFull = Buffer.from('\n… output elided …\n', 'utf8')
packages/minecraft/tool-mc-project/src/index.ts:654: trailing whitespace.
+  const marker = markerFull.length > maxBytes
packages/minecraft/tool-mc-project/src/index.ts:655: trailing whitespace.
+    ? Buffer.from(maxBytes < 3 ? '.'.repeat(maxBytes) : '…', 'utf8')
packages/minecraft/tool-mc-project/src/index.ts:656: trailing whitespace.
+    : markerFull
packages/minecraft/tool-mc-project/src/index.ts:657: trailing whitespace.
+  const available = Math.max(0, maxBytes - marker.length)
packages/minecraft/tool-mc-project/src/index.ts:658: trailing whitespace.
+  const headBytes = Math.floor(available / 2)
packages/minecraft/tool-mc-project/src/index.ts:659: trailing whitespace.
+  const tailBytes = available - headBytes
packages/minecraft/tool-mc-project/src/index.ts:660: trailing whitespace.
+  const head = bytes.subarray(0, headBytes).toString('utf8').replace(/\uFFFD$/u, '')
packages/minecraft/tool-mc-project/src/index.ts:661: trailing whitespace.
+  const tail = bytes.subarray(bytes.length - tailBytes).toString('utf8').replace(/^\uFFFD/u, '')
packages/minecraft/tool-mc-project/src/index.ts:662: trailing whitespace.
+  return {
packages/minecraft/tool-mc-project/src/index.ts:663: trailing whitespace.
+    text: `${head}${marker.toString('utf8')}${tail}`,
packages/minecraft/tool-mc-project/src/index.ts:664: trailing whitespace.
+    truncated: true,
packages/minecraft/tool-mc-project/src/index.ts:665: trailing whitespace.
+    /* v8 ignore next -- spillPath is an optional provider-owned artifact path. */
packages/minecraft/tool-mc-project/src/index.ts:666: trailing whitespace.
+    ...spillPath !== undefined ? { spillPath } : {},
packages/minecraft/tool-mc-project/src/index.ts:667: trailing whitespace.
+  }
packages/minecraft/tool-mc-project/src/index.ts:668: trailing whitespace.
+}
packages/minecraft/tool-mc-project/src/index.ts:669: trailing whitespace.
+
packages/minecraft/tool-mc-project/src/index.ts:670: trailing whitespace.
+function summarizeStream(output: CollectedOutput, maxBytes: number): OutputSummary {
packages/minecraft/tool-mc-project/src/index.ts:671: trailing whitespace.
+  return summarizeText(output.text, output.truncated, output.spillPath, maxBytes)
packages/minecraft/tool-mc-project/src/index.ts:672: trailing whitespace.
+}
packages/minecraft/tool-mc-project/src/index.ts:673: trailing whitespace.
+
packages/minecraft/tool-mc-project/src/index.ts:674: trailing whitespace.
+function summarizeSandbox(sandbox: ShellSandboxInfo): SandboxSummary {
packages/minecraft/tool-mc-project/src/index.ts:675: trailing whitespace.
+  return {
packages/minecraft/tool-mc-project/src/index.ts:676: trailing whitespace.
+    mode: sandbox.mode,
packages/minecraft/tool-mc-project/src/index.ts:677: trailing whitespace.
+    denied: sandbox.denied,
packages/minecraft/tool-mc-project/src/index.ts:678: trailing whitespace.
+    ...sandbox.enforcement !== undefined ? { enforcement: sandbox.enforcement } : {},
packages/minecraft/tool-mc-project/src/index.ts:679: trailing whitespace.
+    ...sandbox.runnerFailed !== undefined ? { runnerFailed: sandbox.runnerFailed } : {},
packages/minecraft/tool-mc-project/src/index.ts:680: trailing whitespace.
+  }
packages/minecraft/tool-mc-project/src/index.ts:681: trailing whitespace.
+}
packages/minecraft/tool-mc-project/src/index.ts:682: trailing whitespace.
+
packages/minecraft/tool-mc-project/src/index.ts:683: trailing whitespace.
+function checkFailed(result: ShellRunResult): boolean {
packages/minecraft/tool-mc-project/src/index.ts:684: trailing whitespace.
+  return result.exitCode !== 0
packages/minecraft/tool-mc-project/src/index.ts:685: trailing whitespace.
+    || result.signal !== null
packages/minecraft/tool-mc-project/src/index.ts:686: trailing whitespace.
+    || result.timedOut
packages/minecraft/tool-mc-project/src/index.ts:687: trailing whitespace.
+    || result.aborted
packages/minecraft/tool-mc-project/src/index.ts:688: trailing whitespace.
+    || result.sandbox?.denied === true
packages/minecraft/tool-mc-project/src/index.ts:689: trailing whitespace.
+    || result.sandbox?.runnerFailed === true
packages/minecraft/tool-mc-project/src/index.ts:690: trailing whitespace.
+}
packages/minecraft/tool-mc-project/src/index.ts:691: trailing whitespace.
+
packages/minecraft/tool-mc-project/src/index.ts:692: trailing whitespace.
+function commandStep(step: string, command: string, result: ShellRunResult, config: ResolvedConfig): CheckStepResult {
packages/minecraft/tool-mc-project/src/index.ts:693: trailing whitespace.
+  return {
packages/minecraft/tool-mc-project/src/index.ts:694: trailing whitespace.
+    step,
packages/minecraft/tool-mc-project/src/index.ts:695: trailing whitespace.
+    command,
packages/minecraft/tool-mc-project/src/index.ts:696: trailing whitespace.
+    status: checkFailed(result) ? 'failed' : 'passed',
packages/minecraft/tool-mc-project/src/index.ts:697: trailing whitespace.
+    exitCode: result.exitCode,
packages/minecraft/tool-mc-project/src/index.ts:698: trailing whitespace.
+    stdout: summarizeStream(result.stdout, config.maxOutputSummaryBytes),
packages/minecraft/tool-mc-project/src/index.ts:699: trailing whitespace.
+    stderr: summarizeStream(result.stderr, config.maxOutputSummaryBytes),
packages/minecraft/tool-mc-project/src/index.ts:700: trailing whitespace.
+    timedOut: result.timedOut,
packages/minecraft/tool-mc-project/src/index.ts:701: trailing whitespace.
+    aborted: result.aborted,
packages/minecraft/tool-mc-project/src/index.ts:702: trailing whitespace.
+    signal: result.signal,
packages/minecraft/tool-mc-project/src/index.ts:703: trailing whitespace.
+    ...result.sandbox !== undefined ? { sandbox: summarizeSandbox(result.sandbox) } : {},
packages/minecraft/tool-mc-project/src/index.ts:704: trailing whitespace.
+  }
packages/minecraft/tool-mc-project/src/index.ts:705: trailing whitespace.
+}
packages/minecraft/tool-mc-project/src/index.ts:706: trailing whitespace.
+
packages/minecraft/tool-mc-project/src/index.ts:707: trailing whitespace.
+function runtimeProbeStep(step: CheckStepResult, mode: RuntimeMode, ready: boolean): CheckStepResult {
packages/minecraft/tool-mc-project/src/index.ts:708: trailing whitespace.
+  if (ready && (step.status === 'passed' || (step.timedOut && step.exitCode === null))) {
packages/minecraft/tool-mc-project/src/index.ts:709: trailing whitespace.
+    return {
packages/minecraft/tool-mc-project/src/index.ts:710: trailing whitespace.
+      ...step,
packages/minecraft/tool-mc-project/src/index.ts:711: trailing whitespace.
+      status: 'passed',
packages/minecraft/tool-mc-project/src/index.ts:712: trailing whitespace.
+      message: `Minecraft ${mode} readiness marker observed before the bounded probe ended.`,
packages/minecraft/tool-mc-project/src/index.ts:713: trailing whitespace.
+    }
packages/minecraft/tool-mc-project/src/index.ts:714: trailing whitespace.
+  }
packages/minecraft/tool-mc-project/src/index.ts:715: trailing whitespace.
+  if (step.status === 'passed' && !ready) {
packages/minecraft/tool-mc-project/src/index.ts:716: trailing whitespace.
+    return {
packages/minecraft/tool-mc-project/src/index.ts:717: trailing whitespace.
+      ...step,
packages/minecraft/tool-mc-project/src/index.ts:718: trailing whitespace.
+      status: 'failed',
packages/minecraft/tool-mc-project/src/index.ts:719: trailing whitespace.
+      message: `Minecraft ${mode} task exited without a recognized readiness marker; startup is not verified.`,
packages/minecraft/tool-mc-project/src/index.ts:720: trailing whitespace.
+    }
packages/minecraft/tool-mc-project/src/index.ts:721: trailing whitespace.
+  }
packages/minecraft/tool-mc-project/src/index.ts:722: trailing whitespace.
+  return step
packages/minecraft/tool-mc-project/src/index.ts:723: trailing whitespace.
+}
packages/minecraft/tool-mc-project/src/index.ts:724: trailing whitespace.
+
packages/minecraft/tool-mc-project/src/index.ts:725: trailing whitespace.
+function failedStaticStep(step: string, message: string, detail: unknown, config: ResolvedConfig): CheckStepResult {
packages/minecraft/tool-mc-project/src/index.ts:726: trailing whitespace.
+  return {
packages/minecraft/tool-mc-project/src/index.ts:727: trailing whitespace.
+    step,
packages/minecraft/tool-mc-project/src/index.ts:728: trailing whitespace.
+    status: 'failed',
packages/minecraft/tool-mc-project/src/index.ts:729: trailing whitespace.
+    exitCode: null,
packages/minecraft/tool-mc-project/src/index.ts:730: trailing whitespace.
+    stdout: summarizeText(JSON.stringify(detail, null, 2), false, undefined, config.maxOutputSummaryBytes),
packages/minecraft/tool-mc-project/src/index.ts:731: trailing whitespace.
+    stderr: emptyOutput(),
packages/minecraft/tool-mc-project/src/index.ts:732: trailing whitespace.
+    timedOut: false,
packages/minecraft/tool-mc-project/src/index.ts:733: trailing whitespace.
+    aborted: false,
packages/minecraft/tool-mc-project/src/index.ts:734: trailing whitespace.
+    signal: null,
packages/minecraft/tool-mc-project/src/index.ts:735: trailing whitespace.
+    message,
packages/minecraft/tool-mc-project/src/index.ts:736: trailing whitespace.
+  }
packages/minecraft/tool-mc-project/src/index.ts:737: trailing whitespace.
+}
packages/minecraft/tool-mc-project/src/index.ts:738: trailing whitespace.
+
packages/minecraft/tool-mc-project/src/index.ts:739: trailing whitespace.
+function passedStaticStep(step: string, message: string): CheckStepResult {
packages/minecraft/tool-mc-project/src/index.ts:740: trailing whitespace.
+  return {
packages/minecraft/tool-mc-project/src/index.ts:741: trailing whitespace.
+    step,
packages/minecraft/tool-mc-project/src/index.ts:742: trailing whitespace.
+    status: 'passed',
packages/minecraft/tool-mc-project/src/index.ts:743: trailing whitespace.
+    exitCode: 0,
packages/minecraft/tool-mc-project/src/index.ts:744: trailing whitespace.
+    stdout: { text: message, truncated: false },
packages/minecraft/tool-mc-project/src/index.ts:745: trailing whitespace.
+    stderr: emptyOutput(),
packages/minecraft/tool-mc-project/src/index.ts:746: trailing whitespace.
+    timedOut: false,
packages/minecraft/tool-mc-project/src/index.ts:747: trailing whitespace.
+    aborted: false,
packages/minecraft/tool-mc-project/src/index.ts:748: trailing whitespace.
+    signal: null,
packages/minecraft/tool-mc-project/src/index.ts:749: trailing whitespace.
+    message,
packages/minecraft/tool-mc-project/src/index.ts:750: trailing whitespace.
+  }
packages/minecraft/tool-mc-project/src/index.ts:751: trailing whitespace.
+}
packages/minecraft/tool-mc-project/src/index.ts:752: trailing whitespace.
+
packages/minecraft/tool-mc-project/src/index.ts:753: trailing whitespace.
+function unavailableStep(step: string, message: string): CheckStepResult {
packages/minecraft/tool-mc-project/src/index.ts:754: trailing whitespace.
+  return {
packages/minecraft/tool-mc-project/src/index.ts:755: trailing whitespace.
+    step,
packages/minecraft/tool-mc-project/src/index.ts:756: trailing whitespace.
+    status: 'failed',
packages/minecraft/tool-mc-project/src/index.ts:757: trailing whitespace.
+    exitCode: null,
packages/minecraft/tool-mc-project/src/index.ts:758: trailing whitespace.
+    stdout: emptyOutput(),
packages/minecraft/tool-mc-project/src/index.ts:759: trailing whitespace.
+    stderr: { text: message, truncated: false },
packages/minecraft/tool-mc-project/src/index.ts:760: trailing whitespace.
+    timedOut: false,
packages/minecraft/tool-mc-project/src/index.ts:761: trailing whitespace.
+    aborted: false,
packages/minecraft/tool-mc-project/src/index.ts:762: trailing whitespace.
+    signal: null,
packages/minecraft/tool-mc-project/src/index.ts:763: trailing whitespace.
+    message,
packages/minecraft/tool-mc-project/src/index.ts:764: trailing whitespace.
+  }
packages/minecraft/tool-mc-project/src/index.ts:765: trailing whitespace.
+}
packages/minecraft/tool-mc-project/src/index.ts:766: trailing whitespace.
+
packages/minecraft/tool-mc-project/src/index.ts:767: trailing whitespace.
+async function gradleLauncher(ctx: Context, exec: ProjectExecution, detected: DetectionResult): Promise<string | null> {
packages/minecraft/tool-mc-project/src/index.ts:768: trailing whitespace.
+  if (detected.inspected.gradleFiles.length === 0) return null
packages/minecraft/tool-mc-project/src/index.ts:769: trailing whitespace.
+  const hasPosixWrapper = (await optionalStat(ctx, exec, 'gradlew'))?.type === 'file'
packages/minecraft/tool-mc-project/src/index.ts:770: trailing whitespace.
+  const hasWindowsWrapper = (await optionalStat(ctx, exec, 'gradlew.bat'))?.type === 'file'
packages/minecraft/tool-mc-project/src/index.ts:771: trailing whitespace.
+  /* v8 ignore next -- POSIX coverage cannot execute the Windows wrapper peer; the native Windows lane covers it. */
packages/minecraft/tool-mc-project/src/index.ts:772: trailing whitespace.
+  if (process.platform === 'win32') {
packages/minecraft/tool-mc-project/src/index.ts:773: trailing whitespace.
+    /* v8 ignore start -- the Windows branch is exercised by the native Windows lane. */
packages/minecraft/tool-mc-project/src/index.ts:774: trailing whitespace.
+    if (hasWindowsWrapper) return '.\\gradlew.bat'
packages/minecraft/tool-mc-project/src/index.ts:775: trailing whitespace.
+    if (hasPosixWrapper) return './gradlew'
packages/minecraft/tool-mc-project/src/index.ts:776: trailing whitespace.
+    /* v8 ignore stop */
packages/minecraft/tool-mc-project/src/index.ts:777: trailing whitespace.
+  } else {
packages/minecraft/tool-mc-project/src/index.ts:778: trailing whitespace.
+    if (hasPosixWrapper) return './gradlew'
packages/minecraft/tool-mc-project/src/index.ts:779: trailing whitespace.
+    if (hasWindowsWrapper) return './gradlew.bat'
packages/minecraft/tool-mc-project/src/index.ts:780: trailing whitespace.
+  }
packages/minecraft/tool-mc-project/src/index.ts:781: trailing whitespace.
+  return 'gradle'
packages/minecraft/tool-mc-project/src/index.ts:782: trailing whitespace.
+}
packages/minecraft/tool-mc-project/src/index.ts:783: trailing whitespace.
+
packages/minecraft/tool-mc-project/src/index.ts:784: trailing whitespace.
+function addTargetPlans(plans: CommandPlan[], target: CheckTarget, detected: DetectionResult): string | undefined {
packages/minecraft/tool-mc-project/src/index.ts:785: trailing whitespace.
+  switch (target) {
packages/minecraft/tool-mc-project/src/index.ts:786: trailing whitespace.
+    case 'build':
packages/minecraft/tool-mc-project/src/index.ts:787: trailing whitespace.
+      plans.push({ step: 'build', task: 'build' })
packages/minecraft/tool-mc-project/src/index.ts:788: trailing whitespace.
+      return undefined
packages/minecraft/tool-mc-project/src/index.ts:789: trailing whitespace.
+    case 'test':
packages/minecraft/tool-mc-project/src/index.ts:790: trailing whitespace.
+      plans.push({ step: 'test', task: 'test' })
packages/minecraft/tool-mc-project/src/index.ts:791: trailing whitespace.
+      return undefined
packages/minecraft/tool-mc-project/src/index.ts:792: trailing whitespace.
+    case 'datagen': {
packages/minecraft/tool-mc-project/src/index.ts:793: trailing whitespace.
+      if (detected.loaderSupport !== 'supported') return 'datagen'
packages/minecraft/tool-mc-project/src/index.ts:794: trailing whitespace.
+      plans.push({ step: 'datagen' })
packages/minecraft/tool-mc-project/src/index.ts:795: trailing whitespace.
+      return undefined
packages/minecraft/tool-mc-project/src/index.ts:796: trailing whitespace.
+    }
packages/minecraft/tool-mc-project/src/index.ts:797: trailing whitespace.
+    case 'resources':
packages/minecraft/tool-mc-project/src/index.ts:798: trailing whitespace.
+      plans.push({ step: 'resources:gradle', task: 'processResources' })
packages/minecraft/tool-mc-project/src/index.ts:799: trailing whitespace.
+      return undefined
packages/minecraft/tool-mc-project/src/index.ts:800: trailing whitespace.
+    case 'runtime':
packages/minecraft/tool-mc-project/src/index.ts:801: trailing whitespace.
+      if (detected.loaderSupport !== 'supported') return 'runtime'
packages/minecraft/tool-mc-project/src/index.ts:802: trailing whitespace.
+      plans.push({ step: 'runtime' })
packages/minecraft/tool-mc-project/src/index.ts:803: trailing whitespace.
+      return undefined
packages/minecraft/tool-mc-project/src/index.ts:804: trailing whitespace.
+    case 'startup':
packages/minecraft/tool-mc-project/src/index.ts:805: trailing whitespace.
+      if (detected.loaderSupport !== 'supported') return 'startup'
packages/minecraft/tool-mc-project/src/index.ts:806: trailing whitespace.
+      if (detected.datagenClues.length > 0) plans.push({ step: 'datagen' })
packages/minecraft/tool-mc-project/src/index.ts:807: trailing whitespace.
+      plans.push(
packages/minecraft/tool-mc-project/src/index.ts:808: trailing whitespace.
+        { step: 'resources:gradle', task: 'processResources' },
packages/minecraft/tool-mc-project/src/index.ts:809: trailing whitespace.
+        { step: 'test', task: 'test' },
packages/minecraft/tool-mc-project/src/index.ts:810: trailing whitespace.
+        { step: 'build', task: 'build' },
packages/minecraft/tool-mc-project/src/index.ts:811: trailing whitespace.
+        { step: 'runtime' },
packages/minecraft/tool-mc-project/src/index.ts:812: trailing whitespace.
+      )
packages/minecraft/tool-mc-project/src/index.ts:813: trailing whitespace.
+      return undefined
packages/minecraft/tool-mc-project/src/index.ts:814: trailing whitespace.
+    case 'all': {
packages/minecraft/tool-mc-project/src/index.ts:815: trailing whitespace.
+      if (detected.datagenClues.length > 0) {
packages/minecraft/tool-mc-project/src/index.ts:816: trailing whitespace.
+        if (detected.loaderSupport === 'supported') plans.push({ step: 'datagen' })
packages/minecraft/tool-mc-project/src/index.ts:817: trailing whitespace.
+        // Unsupported loaders retain generic checks; only the loader-specific
packages/minecraft/tool-mc-project/src/index.ts:818: trailing whitespace.
+        // datagen plan is omitted. Unknown evidence still fails closed.
packages/minecraft/tool-mc-project/src/index.ts:819: trailing whitespace.
+        if (detected.loaderSupport === 'unknown') return 'datagen'
packages/minecraft/tool-mc-project/src/index.ts:820: trailing whitespace.
+      }
packages/minecraft/tool-mc-project/src/index.ts:821: trailing whitespace.
+      plans.push(
packages/minecraft/tool-mc-project/src/index.ts:822: trailing whitespace.
+        { step: 'resources:gradle', task: 'processResources' },
packages/minecraft/tool-mc-project/src/index.ts:823: trailing whitespace.
+        { step: 'test', task: 'test' },
packages/minecraft/tool-mc-project/src/index.ts:824: trailing whitespace.
+        { step: 'build', task: 'build' },
packages/minecraft/tool-mc-project/src/index.ts:825: trailing whitespace.
+      )
packages/minecraft/tool-mc-project/src/index.ts:826: trailing whitespace.
+      return undefined
packages/minecraft/tool-mc-project/src/index.ts:827: trailing whitespace.
+    }
packages/minecraft/tool-mc-project/src/index.ts:828: trailing whitespace.
+  }
packages/minecraft/tool-mc-project/src/index.ts:829: trailing whitespace.
+}
packages/minecraft/tool-mc-project/src/index.ts:830: trailing whitespace.
+
packages/minecraft/tool-mc-project/src/index.ts:831: trailing whitespace.
+function suggestedNextAction(step: string, result?: CheckStepResult): string {
packages/minecraft/tool-mc-project/src/index.ts:832: trailing whitespace.
+  if (step === 'datagen' && result === undefined) {
packages/minecraft/tool-mc-project/src/index.ts:833: trailing whitespace.
+    return 'Inspect loader evidence with detect_mc_project before choosing a datagen task.'
packages/minecraft/tool-mc-project/src/index.ts:834: trailing whitespace.
+  }
packages/minecraft/tool-mc-project/src/index.ts:835: trailing whitespace.
+  if (step === 'resources:static') {
packages/minecraft/tool-mc-project/src/index.ts:836: trailing whitespace.
+    return 'Fix the reported Minecraft resource errors, then rerun run_mc_check with target "resources".'
packages/minecraft/tool-mc-project/src/index.ts:837: trailing whitespace.
+  }
packages/minecraft/tool-mc-project/src/index.ts:838: trailing whitespace.
+  if (step === 'gradle') {
packages/minecraft/tool-mc-project/src/index.ts:839: trailing whitespace.
+    return 'Add a Gradle wrapper or root Gradle build file, or run detect_mc_project to confirm this workspace is a Minecraft Gradle project.'
packages/minecraft/tool-mc-project/src/index.ts:840: trailing whitespace.
+  }
packages/minecraft/tool-mc-project/src/index.ts:841: trailing whitespace.
+  if (step === 'gradle-layout') {
packages/minecraft/tool-mc-project/src/index.ts:842: trailing whitespace.
+    return 'Inspect the Gradle settings and run the appropriate qualified task manually; run_mc_check only executes unambiguous root-project tasks.'
packages/minecraft/tool-mc-project/src/index.ts:843: trailing whitespace.
+  }
packages/minecraft/tool-mc-project/src/index.ts:844: trailing whitespace.
+  if (step === 'runtime') {
packages/minecraft/tool-mc-project/src/index.ts:845: trailing whitespace.
+    return 'Ask the user to approve a client or dedicated-server launch, then retry run_mc_check with runtimeMode set.'
packages/minecraft/tool-mc-project/src/index.ts:846: trailing whitespace.
+  }
packages/minecraft/tool-mc-project/src/index.ts:847: trailing whitespace.
+  if (step === 'startup') {
packages/minecraft/tool-mc-project/src/index.ts:848: trailing whitespace.
+    return 'The startup gate is blocked. Fix the reported preflight failure, rerun target "startup", and only present the game after readiness is verified.'
packages/minecraft/tool-mc-project/src/index.ts:849: trailing whitespace.
+  }
packages/minecraft/tool-mc-project/src/index.ts:850: trailing whitespace.
+  if (result?.sandbox?.denied === true) {
packages/minecraft/tool-mc-project/src/index.ts:851: trailing whitespace.
+    return 'The sandbox denied the Gradle command; review the denied access and retry through the approved shell permission path if the command is trusted.'
packages/minecraft/tool-mc-project/src/index.ts:852: trailing whitespace.
+  }
packages/minecraft/tool-mc-project/src/index.ts:853: trailing whitespace.
+  if (result?.timedOut === true) {
packages/minecraft/tool-mc-project/src/index.ts:854: trailing whitespace.
+    return `The ${step} command timed out; inspect partial output and rerun with a focused target or larger timeout.`
packages/minecraft/tool-mc-project/src/index.ts:855: trailing whitespace.
+  }
packages/minecraft/tool-mc-project/src/index.ts:856: trailing whitespace.
+  return `Inspect the ${step} output, fix the failing project issue, then rerun run_mc_check.`
packages/minecraft/tool-mc-project/src/index.ts:857: trailing whitespace.
+}
packages/minecraft/tool-mc-project/src/index.ts:858: trailing whitespace.
+
packages/minecraft/tool-mc-project/src/index.ts:859: trailing whitespace.
+function commandFor(launcher: string, task: string): string {
packages/minecraft/tool-mc-project/src/index.ts:860: trailing whitespace.
+  return `${launcher} ${task}`
packages/minecraft/tool-mc-project/src/index.ts:861: trailing whitespace.
+}
packages/minecraft/tool-mc-project/src/index.ts:862: trailing whitespace.
+
packages/minecraft/tool-mc-project/src/index.ts:863: trailing whitespace.
+function taskDiscoveryFailure(step: CheckStepResult, message: string): CheckStepResult {
packages/minecraft/tool-mc-project/src/index.ts:864: trailing whitespace.
+  return { ...step, status: 'failed', message }
packages/minecraft/tool-mc-project/src/index.ts:865: trailing whitespace.
+}
packages/minecraft/tool-mc-project/src/index.ts:866: trailing whitespace.
+
packages/minecraft/tool-mc-project/src/index.ts:867: trailing whitespace.
+async function listGradleTasks(
packages/minecraft/tool-mc-project/src/index.ts:868: trailing whitespace.
+  ctx: Context,
packages/minecraft/tool-mc-project/src/index.ts:869: trailing whitespace.
+  exec: ProjectExecution,
packages/minecraft/tool-mc-project/src/index.ts:870: trailing whitespace.
+  config: ResolvedConfig,
packages/minecraft/tool-mc-project/src/index.ts:871: trailing whitespace.
+  launcher: string,
packages/minecraft/tool-mc-project/src/index.ts:872: trailing whitespace.
+  timeoutMs: number | undefined,
packages/minecraft/tool-mc-project/src/index.ts:873: trailing whitespace.
+  cache?: TaskDiscoveryCache,
packages/minecraft/tool-mc-project/src/index.ts:874: trailing whitespace.
+): Promise<{ tasks: string[]; step: CheckStepResult }> {
packages/minecraft/tool-mc-project/src/index.ts:875: trailing whitespace.
+  if (cache?.result !== undefined) return cache.result
packages/minecraft/tool-mc-project/src/index.ts:876: trailing whitespace.
+  const command = commandFor(launcher, 'tasks --all --console=plain')
packages/minecraft/tool-mc-project/src/index.ts:877: trailing whitespace.
+  const result = await ctx.shell.run(ctx.shell.resolve({
packages/minecraft/tool-mc-project/src/index.ts:878: trailing whitespace.
+    command,
packages/minecraft/tool-mc-project/src/index.ts:879: trailing whitespace.
+    ...timeoutMs !== undefined ? { timeoutMs } : {},
packages/minecraft/tool-mc-project/src/index.ts:880: trailing whitespace.
+    stdoutMaxBytes: config.maxTaskDiscoveryBytes,
packages/minecraft/tool-mc-project/src/index.ts:881: trailing whitespace.
+    signal: exec.signal,
packages/minecraft/tool-mc-project/src/index.ts:882: trailing whitespace.
+    ...sessionResolveOptions(exec).cwd !== undefined ? { workdir: sessionResolveOptions(exec).cwd } : {},
packages/minecraft/tool-mc-project/src/index.ts:883: trailing whitespace.
+  }))
packages/minecraft/tool-mc-project/src/index.ts:884: trailing whitespace.
+  const step = commandStep('gradle:tasks', command, result, config)
packages/minecraft/tool-mc-project/src/index.ts:885: trailing whitespace.
+  if (step.status === 'failed') {
packages/minecraft/tool-mc-project/src/index.ts:886: trailing whitespace.
+    const result = { tasks: [], step }
packages/minecraft/tool-mc-project/src/index.ts:887: trailing whitespace.
+    if (cache !== undefined) cache.result = result
packages/minecraft/tool-mc-project/src/index.ts:888: trailing whitespace.
+    return result
packages/minecraft/tool-mc-project/src/index.ts:889: trailing whitespace.
+  }
packages/minecraft/tool-mc-project/src/index.ts:890: trailing whitespace.
+  if (result.stdout.truncated) {
packages/minecraft/tool-mc-project/src/index.ts:891: trailing whitespace.
+    const listing = {
packages/minecraft/tool-mc-project/src/index.ts:892: trailing whitespace.
+      tasks: [],
packages/minecraft/tool-mc-project/src/index.ts:893: trailing whitespace.
+      step: taskDiscoveryFailure(step, `Gradle task output exceeded maxTaskDiscoveryBytes ${config.maxTaskDiscoveryBytes}; no task was selected.`),
packages/minecraft/tool-mc-project/src/index.ts:894: trailing whitespace.
+    }
packages/minecraft/tool-mc-project/src/index.ts:895: trailing whitespace.
+    if (cache !== undefined) cache.result = listing
packages/minecraft/tool-mc-project/src/index.ts:896: trailing whitespace.
+    return listing
packages/minecraft/tool-mc-project/src/index.ts:897: trailing whitespace.
+  }
packages/minecraft/tool-mc-project/src/index.ts:898: trailing whitespace.
+  const listing = { tasks: parseGradleTaskNames(result.stdout.text), step }
packages/minecraft/tool-mc-project/src/index.ts:899: trailing whitespace.
+  if (cache !== undefined) cache.result = listing
packages/minecraft/tool-mc-project/src/index.ts:900: trailing whitespace.
+  return listing
packages/minecraft/tool-mc-project/src/index.ts:901: trailing whitespace.
+}
packages/minecraft/tool-mc-project/src/index.ts:902: trailing whitespace.
+
packages/minecraft/tool-mc-project/src/index.ts:903: trailing whitespace.
+async function discoverDatagenTask(
packages/minecraft/tool-mc-project/src/index.ts:904: trailing whitespace.
+  ctx: Context,
packages/minecraft/tool-mc-project/src/index.ts:905: trailing whitespace.
+  exec: ProjectExecution,
packages/minecraft/tool-mc-project/src/index.ts:906: trailing whitespace.
+  config: ResolvedConfig,
packages/minecraft/tool-mc-project/src/index.ts:907: trailing whitespace.
+  detected: DetectionResult,
packages/minecraft/tool-mc-project/src/index.ts:908: trailing whitespace.
+  launcher: string,
packages/minecraft/tool-mc-project/src/index.ts:909: trailing whitespace.
+  timeoutMs: number | undefined,
packages/minecraft/tool-mc-project/src/index.ts:910: trailing whitespace.
+  cache?: TaskDiscoveryCache,
packages/minecraft/tool-mc-project/src/index.ts:911: trailing whitespace.
+): Promise<{ task?: string; step?: CheckStepResult }> {
packages/minecraft/tool-mc-project/src/index.ts:912: trailing whitespace.
+  const staticCandidates = datagenTaskCandidates(detected.loader, detected.gradleTaskCandidates)
packages/minecraft/tool-mc-project/src/index.ts:913: trailing whitespace.
+  if (staticCandidates.length === 1) {
packages/minecraft/tool-mc-project/src/index.ts:914: trailing whitespace.
+    const task = staticCandidates[0]
packages/minecraft/tool-mc-project/src/index.ts:915: trailing whitespace.
+    /* v8 ignore next -- length one guarantees a defined candidate. */
packages/minecraft/tool-mc-project/src/index.ts:916: trailing whitespace.
+    if (task !== undefined) return { task }
packages/minecraft/tool-mc-project/src/index.ts:917: trailing whitespace.
+  }
packages/minecraft/tool-mc-project/src/index.ts:918: trailing whitespace.
+  if (staticCandidates.length > 1) {
packages/minecraft/tool-mc-project/src/index.ts:919: trailing whitespace.
+    return {
packages/minecraft/tool-mc-project/src/index.ts:920: trailing whitespace.
+      step: unavailableStep(
packages/minecraft/tool-mc-project/src/index.ts:921: trailing whitespace.
+        'datagen',
packages/minecraft/tool-mc-project/src/index.ts:922: trailing whitespace.
+        `Multiple datagen Gradle tasks were declared: ${staticCandidates.join(', ')}. Inspect the project and choose one explicitly.`,
packages/minecraft/tool-mc-project/src/index.ts:923: trailing whitespace.
+      ),
packages/minecraft/tool-mc-project/src/index.ts:924: trailing whitespace.
+    }
packages/minecraft/tool-mc-project/src/index.ts:925: trailing whitespace.
+  }
packages/minecraft/tool-mc-project/src/index.ts:926: trailing whitespace.
+
packages/minecraft/tool-mc-project/src/index.ts:927: trailing whitespace.
+  const listing = await listGradleTasks(ctx, exec, config, launcher, timeoutMs, cache)
packages/minecraft/tool-mc-project/src/index.ts:928: trailing whitespace.
+  if (listing.step.status === 'failed') return { step: listing.step }
packages/minecraft/tool-mc-project/src/index.ts:929: trailing whitespace.
+  const candidates = datagenTaskCandidates(detected.loader, listing.tasks)
packages/minecraft/tool-mc-project/src/index.ts:930: trailing whitespace.
+  if (candidates.length === 1) {
packages/minecraft/tool-mc-project/src/index.ts:931: trailing whitespace.
+    const task = candidates[0]
packages/minecraft/tool-mc-project/src/index.ts:932: trailing whitespace.
+    /* v8 ignore next -- length one guarantees a defined candidate. */
packages/minecraft/tool-mc-project/src/index.ts:933: trailing whitespace.
+    if (task !== undefined) return { task, step: listing.step }
packages/minecraft/tool-mc-project/src/index.ts:934: trailing whitespace.
+  }
packages/minecraft/tool-mc-project/src/index.ts:935: trailing whitespace.
+  if (candidates.length === 0) {
packages/minecraft/tool-mc-project/src/index.ts:936: trailing whitespace.
+    return { step: taskDiscoveryFailure(listing.step, `Gradle task listing did not expose a datagen task for loader ${detected.loader}.`) }
packages/minecraft/tool-mc-project/src/index.ts:937: trailing whitespace.
+  }
packages/minecraft/tool-mc-project/src/index.ts:938: trailing whitespace.
+  return { step: taskDiscoveryFailure(listing.step, `Gradle task listing exposed multiple datagen tasks: ${candidates.join(', ')}.`) }
packages/minecraft/tool-mc-project/src/index.ts:939: trailing whitespace.
+}
packages/minecraft/tool-mc-project/src/index.ts:940: trailing whitespace.
+
packages/minecraft/tool-mc-project/src/index.ts:941: trailing whitespace.
+async function discoverRuntimeTask(
packages/minecraft/tool-mc-project/src/index.ts:942: trailing whitespace.
+  ctx: Context,
packages/minecraft/tool-mc-project/src/index.ts:943: trailing whitespace.
+  exec: ProjectExecution,
packages/minecraft/tool-mc-project/src/index.ts:944: trailing whitespace.
+  config: ResolvedConfig,
packages/minecraft/tool-mc-project/src/index.ts:945: trailing whitespace.
+  detected: DetectionResult,
packages/minecraft/tool-mc-project/src/index.ts:946: trailing whitespace.
+  launcher: string,
packages/minecraft/tool-mc-project/src/index.ts:947: trailing whitespace.
+  mode: RuntimeMode,
packages/minecraft/tool-mc-project/src/index.ts:948: trailing whitespace.
+  timeoutMs: number | undefined,
packages/minecraft/tool-mc-project/src/index.ts:949: trailing whitespace.
+  cache?: TaskDiscoveryCache,
packages/minecraft/tool-mc-project/src/index.ts:950: trailing whitespace.
+): Promise<{ task?: string; step?: CheckStepResult }> {
packages/minecraft/tool-mc-project/src/index.ts:951: trailing whitespace.
+  const staticCandidates = runtimeTaskCandidates(mode, detected.gradleTaskCandidates)
packages/minecraft/tool-mc-project/src/index.ts:952: trailing whitespace.
+  if (staticCandidates.length === 1) {
packages/minecraft/tool-mc-project/src/index.ts:953: trailing whitespace.
+    const task = staticCandidates[0]
packages/minecraft/tool-mc-project/src/index.ts:954: trailing whitespace.
+    /* v8 ignore next -- length one guarantees a defined candidate. */
packages/minecraft/tool-mc-project/src/index.ts:955: trailing whitespace.
+    if (task !== undefined) return { task }
packages/minecraft/tool-mc-project/src/index.ts:956: trailing whitespace.
+  }
packages/minecraft/tool-mc-project/src/index.ts:957: trailing whitespace.
+  if (staticCandidates.length > 1) {
packages/minecraft/tool-mc-project/src/index.ts:958: trailing whitespace.
+    return {
packages/minecraft/tool-mc-project/src/index.ts:959: trailing whitespace.
+      step: unavailableStep(
packages/minecraft/tool-mc-project/src/index.ts:960: trailing whitespace.
+        'runtime',
packages/minecraft/tool-mc-project/src/index.ts:961: trailing whitespace.
+        `Multiple ${mode} runtime Gradle tasks were declared: ${staticCandidates.join(', ')}. Inspect the project and choose one explicitly.`,
packages/minecraft/tool-mc-project/src/index.ts:962: trailing whitespace.
+      ),
packages/minecraft/tool-mc-project/src/index.ts:963: trailing whitespace.
+    }
packages/minecraft/tool-mc-project/src/index.ts:964: trailing whitespace.
+  }
packages/minecraft/tool-mc-project/src/index.ts:965: trailing whitespace.
+  const listing = await listGradleTasks(ctx, exec, config, launcher, timeoutMs, cache)
packages/minecraft/tool-mc-project/src/index.ts:966: trailing whitespace.
+  if (listing.step.status === 'failed') return { step: listing.step }
packages/minecraft/tool-mc-project/src/index.ts:967: trailing whitespace.
+  const candidates = runtimeTaskCandidates(mode, listing.tasks)
packages/minecraft/tool-mc-project/src/index.ts:968: trailing whitespace.
+  if (candidates.length === 1) {
packages/minecraft/tool-mc-project/src/index.ts:969: trailing whitespace.
+    const task = candidates[0]
packages/minecraft/tool-mc-project/src/index.ts:970: trailing whitespace.
+    /* v8 ignore next -- length one guarantees a defined candidate. */
packages/minecraft/tool-mc-project/src/index.ts:971: trailing whitespace.
+    if (task !== undefined) return { task, step: listing.step }
packages/minecraft/tool-mc-project/src/index.ts:972: trailing whitespace.
+  }
packages/minecraft/tool-mc-project/src/index.ts:973: trailing whitespace.
+  if (candidates.length === 0) {
packages/minecraft/tool-mc-project/src/index.ts:974: trailing whitespace.
+    return { step: taskDiscoveryFailure(listing.step, `Gradle task listing did not expose a ${mode} runtime task.`) }
packages/minecraft/tool-mc-project/src/index.ts:975: trailing whitespace.
+  }
packages/minecraft/tool-mc-project/src/index.ts:976: trailing whitespace.
+  return { step: taskDiscoveryFailure(listing.step, `Gradle task listing exposed multiple ${mode} runtime tasks: ${candidates.join(', ')}.`) }
packages/minecraft/tool-mc-project/src/index.ts:977: trailing whitespace.
+}
packages/minecraft/tool-mc-project/src/index.ts:978: trailing whitespace.
+
packages/minecraft/tool-mc-project/src/index.ts:979: trailing whitespace.
+async function unsupportedGradleLayout(
packages/minecraft/tool-mc-project/src/index.ts:980: trailing whitespace.
+  ctx: Context,
packages/minecraft/tool-mc-project/src/index.ts:981: trailing whitespace.
+  exec: ProjectExecution,
packages/minecraft/tool-mc-project/src/index.ts:982: trailing whitespace.
+  config: ResolvedConfig,
packages/minecraft/tool-mc-project/src/index.ts:983: trailing whitespace.
+): Promise<string | undefined> {
packages/minecraft/tool-mc-project/src/index.ts:984: trailing whitespace.
+  for (const path of ['settings.gradle', 'settings.gradle.kts']) {
packages/minecraft/tool-mc-project/src/index.ts:985: trailing whitespace.
+    const stat = await optionalStat(ctx, exec, path)
packages/minecraft/tool-mc-project/src/index.ts:986: trailing whitespace.
+    if (stat === undefined || stat.type !== 'file') continue
packages/minecraft/tool-mc-project/src/index.ts:987: trailing whitespace.
+    const warnings: string[] = []
packages/minecraft/tool-mc-project/src/index.ts:988: trailing whitespace.
+    const file = await readTextFile(ctx, exec, path, stat.target, stat.size, config, warnings)
packages/minecraft/tool-mc-project/src/index.ts:989: trailing whitespace.
+    if (file === undefined) {
packages/minecraft/tool-mc-project/src/index.ts:990: trailing whitespace.
+      return `Cannot safely choose root Gradle tasks because ${path} could not be inspected: ${warnings.join('; ')}`
packages/minecraft/tool-mc-project/src/index.ts:991: trailing whitespace.
+    }
packages/minecraft/tool-mc-project/src/index.ts:992: trailing whitespace.
+    if (/\bincludeBuild\s*(?:\(|["'])/u.test(file.text)) {
packages/minecraft/tool-mc-project/src/index.ts:993: trailing whitespace.
+      return `${path} declares an included build; root task selection is ambiguous.`
packages/minecraft/tool-mc-project/src/index.ts:994: trailing whitespace.
+    }
packages/minecraft/tool-mc-project/src/index.ts:995: trailing whitespace.
+    if (/\binclude(?:Flat)?\s*(?:\(|["'])/u.test(file.text)) {
packages/minecraft/tool-mc-project/src/index.ts:996: trailing whitespace.
+      return `${path} declares one or more subprojects; root task selection is ambiguous.`
packages/minecraft/tool-mc-project/src/index.ts:997: trailing whitespace.
+    }
packages/minecraft/tool-mc-project/src/index.ts:998: trailing whitespace.
+  }
packages/minecraft/tool-mc-project/src/index.ts:999: trailing whitespace.
+  return undefined
packages/minecraft/tool-mc-project/src/index.ts:1000: trailing whitespace.
+}
packages/minecraft/tool-mc-project/src/index.ts:1001: trailing whitespace.
+
packages/minecraft/tool-mc-project/src/index.ts:1002: trailing whitespace.
+async function runCommandStep(
packages/minecraft/tool-mc-project/src/index.ts:1003: trailing whitespace.
+  ctx: Context,
packages/minecraft/tool-mc-project/src/index.ts:1004: trailing whitespace.
+  exec: ProjectExecution,
packages/minecraft/tool-mc-project/src/index.ts:1005: trailing whitespace.
+  config: ResolvedConfig,
packages/minecraft/tool-mc-project/src/index.ts:1006: trailing whitespace.
+  plan: CommandPlan,
packages/minecraft/tool-mc-project/src/index.ts:1007: trailing whitespace.
+  launcher: string,
packages/minecraft/tool-mc-project/src/index.ts:1008: trailing whitespace.
+  timeoutMs: number | undefined,
packages/minecraft/tool-mc-project/src/index.ts:1009: trailing whitespace.
+  runtimeMode?: RuntimeMode,
packages/minecraft/tool-mc-project/src/index.ts:1010: trailing whitespace.
+): Promise<CheckStepResult> {
packages/minecraft/tool-mc-project/src/index.ts:1011: trailing whitespace.
+  if (plan.task === undefined) throw new Error(`unresolved Gradle task for ${plan.step}`)
packages/minecraft/tool-mc-project/src/index.ts:1012: trailing whitespace.
+  const command = commandFor(launcher, plan.task)
packages/minecraft/tool-mc-project/src/index.ts:1013: trailing whitespace.
+  const result = await ctx.shell.run(ctx.shell.resolve({
packages/minecraft/tool-mc-project/src/index.ts:1014: trailing whitespace.
+    command,
packages/minecraft/tool-mc-project/src/index.ts:1015: trailing whitespace.
+    ...timeoutMs !== undefined ? { timeoutMs } : {},
packages/minecraft/tool-mc-project/src/index.ts:1016: trailing whitespace.
+    signal: exec.signal,
packages/minecraft/tool-mc-project/src/index.ts:1017: trailing whitespace.
+    ...sessionResolveOptions(exec).cwd !== undefined ? { workdir: sessionResolveOptions(exec).cwd } : {},
packages/minecraft/tool-mc-project/src/index.ts:1018: trailing whitespace.
+  }))
packages/minecraft/tool-mc-project/src/index.ts:1019: trailing whitespace.
+  const step = commandStep(plan.step, command, result, config)
packages/minecraft/tool-mc-project/src/index.ts:1020: trailing whitespace.
+  const runtimeReady = runtimeMode !== undefined && hasMinecraftReadiness(runtimeMode, `${result.stdout.text}\n${result.stderr.text}`)
packages/minecraft/tool-mc-project/src/index.ts:1021: trailing whitespace.
+  return plan.step === 'runtime' && runtimeMode !== undefined
packages/minecraft/tool-mc-project/src/index.ts:1022: trailing whitespace.
+    ? runtimeProbeStep(step, runtimeMode, runtimeReady)
packages/minecraft/tool-mc-project/src/index.ts:1023: trailing whitespace.
+    : step
packages/minecraft/tool-mc-project/src/index.ts:1024: trailing whitespace.
+}
packages/minecraft/tool-mc-project/src/index.ts:1025: trailing whitespace.
+
packages/minecraft/tool-mc-project/src/index.ts:1026: trailing whitespace.
+async function runStaticResourceStep(
packages/minecraft/tool-mc-project/src/index.ts:1027: trailing whitespace.
+  ctx: Context,
packages/minecraft/tool-mc-project/src/index.ts:1028: trailing whitespace.
+  exec: ProjectExecution,
packages/minecraft/tool-mc-project/src/index.ts:1029: trailing whitespace.
+  config: ResolvedConfig,
packages/minecraft/tool-mc-project/src/index.ts:1030: trailing whitespace.
+  scan?: DetectionScan,
packages/minecraft/tool-mc-project/src/index.ts:1031: trailing whitespace.
+): Promise<CheckStepResult> {
packages/minecraft/tool-mc-project/src/index.ts:1032: trailing whitespace.
+  const validation = await validateResources(ctx, exec, config, scan)
packages/minecraft/tool-mc-project/src/index.ts:1033: trailing whitespace.
+  if (validation.errors.length > 0) {
packages/minecraft/tool-mc-project/src/index.ts:1034: trailing whitespace.
+    return failedStaticStep(
packages/minecraft/tool-mc-project/src/index.ts:1035: trailing whitespace.
+      'resources:static',
packages/minecraft/tool-mc-project/src/index.ts:1036: trailing whitespace.
+      `Minecraft resource validation reported ${validation.errors.length} error(s).`,
packages/minecraft/tool-mc-project/src/index.ts:1037: trailing whitespace.
+      {
packages/minecraft/tool-mc-project/src/index.ts:1038: trailing whitespace.
+        errors: validation.errors,
packages/minecraft/tool-mc-project/src/index.ts:1039: trailing whitespace.
+        warnings: validation.warnings,
packages/minecraft/tool-mc-project/src/index.ts:1040: trailing whitespace.
+        checkedFiles: validation.checkedFiles,
packages/minecraft/tool-mc-project/src/index.ts:1041: trailing whitespace.
+        detectedModId: validation.detectedModId,
packages/minecraft/tool-mc-project/src/index.ts:1042: trailing whitespace.
+      },
packages/minecraft/tool-mc-project/src/index.ts:1043: trailing whitespace.
+      config,
packages/minecraft/tool-mc-project/src/index.ts:1044: trailing whitespace.
+    )
packages/minecraft/tool-mc-project/src/index.ts:1045: trailing whitespace.
+  }
packages/minecraft/tool-mc-project/src/index.ts:1046: trailing whitespace.
+  if (!validation.scanComplete) {
packages/minecraft/tool-mc-project/src/index.ts:1047: trailing whitespace.
+    return failedStaticStep(
packages/minecraft/tool-mc-project/src/index.ts:1048: trailing whitespace.
+      'resources:static',
packages/minecraft/tool-mc-project/src/index.ts:1049: trailing whitespace.
+      'Minecraft resource validation was incomplete because the scan budget or a declared resource root was not fully inspected.',
packages/minecraft/tool-mc-project/src/index.ts:1050: trailing whitespace.
+      { warnings: validation.warnings, checkedFiles: validation.checkedFiles, detectedModId: validation.detectedModId },
packages/minecraft/tool-mc-project/src/index.ts:1051: trailing whitespace.
+      config,
packages/minecraft/tool-mc-project/src/index.ts:1052: trailing whitespace.
+    )
packages/minecraft/tool-mc-project/src/index.ts:1053: trailing whitespace.
+  }
packages/minecraft/tool-mc-project/src/index.ts:1054: trailing whitespace.
+  const step = passedStaticStep(
packages/minecraft/tool-mc-project/src/index.ts:1055: trailing whitespace.
+    'resources:static',
packages/minecraft/tool-mc-project/src/index.ts:1056: trailing whitespace.
+    `validated ${validation.checkedFiles.length} Minecraft resource file(s); warnings: ${validation.warnings.length}`,
packages/minecraft/tool-mc-project/src/index.ts:1057: trailing whitespace.
+  )
packages/minecraft/tool-mc-project/src/index.ts:1058: trailing whitespace.
+  if (validation.warnings.length > 0) {
packages/minecraft/tool-mc-project/src/index.ts:1059: trailing whitespace.
+    step.stdout = summarizeText(JSON.stringify({ warnings: validation.warnings }), false, undefined, config.maxOutputSummaryBytes)
packages/minecraft/tool-mc-project/src/index.ts:1060: trailing whitespace.
+  }
packages/minecraft/tool-mc-project/src/index.ts:1061: trailing whitespace.
+  return step
packages/minecraft/tool-mc-project/src/index.ts:1062: trailing whitespace.
+}
packages/minecraft/tool-mc-project/src/index.ts:1063: trailing whitespace.
+
packages/minecraft/tool-mc-project/src/index.ts:1064: trailing whitespace.
+function issueKey(issue: ResourceIssue): string {
packages/minecraft/tool-mc-project/src/index.ts:1065: trailing whitespace.
+  return `${issue.code}\0${issue.path}\0${issue.reference ?? ''}\0${issue.expectedPath ?? ''}\0${issue.message}`
packages/minecraft/tool-mc-project/src/index.ts:1066: trailing whitespace.
+}
packages/minecraft/tool-mc-project/src/index.ts:1067: trailing whitespace.
+
packages/minecraft/tool-mc-project/src/index.ts:1068: trailing whitespace.
+function sortIssue(a: ResourceIssue, b: ResourceIssue): number {
packages/minecraft/tool-mc-project/src/index.ts:1069: trailing whitespace.
+  /* v8 ignore next -- issueKey deduplication and fixed issue constructors make later tie-breakers defensive only. */
packages/minecraft/tool-mc-project/src/index.ts:1070: trailing whitespace.
+  return a.path.localeCompare(b.path)
packages/minecraft/tool-mc-project/src/index.ts:1071: trailing whitespace.
+    || a.code.localeCompare(b.code)
packages/minecraft/tool-mc-project/src/index.ts:1072: trailing whitespace.
+    || (a.reference ?? '').localeCompare(b.reference ?? '')
packages/minecraft/tool-mc-project/src/index.ts:1073: trailing whitespace.
+    || (a.expectedPath ?? '').localeCompare(b.expectedPath ?? '')
packages/minecraft/tool-mc-project/src/index.ts:1074: trailing whitespace.
+}
packages/minecraft/tool-mc-project/src/index.ts:1075: trailing whitespace.
+
packages/minecraft/tool-mc-project/src/index.ts:1076: trailing whitespace.
+function sortValidation(result: ResourceValidationResult): ResourceValidationResult {
packages/minecraft/tool-mc-project/src/index.ts:1077: trailing whitespace.
+  return {
packages/minecraft/tool-mc-project/src/index.ts:1078: trailing whitespace.
+    errors: uniq(result.errors, issueKey).sort(sortIssue),
packages/minecraft/tool-mc-project/src/index.ts:1079: trailing whitespace.
+    warnings: uniq(result.warnings, issueKey).sort(sortIssue),
packages/minecraft/tool-mc-project/src/index.ts:1080: trailing whitespace.
+    checkedFiles: [...new Set(result.checkedFiles)].sort(),
packages/minecraft/tool-mc-project/src/index.ts:1081: trailing whitespace.
+    detectedModId: result.detectedModId,
packages/minecraft/tool-mc-project/src/index.ts:1082: trailing whitespace.
+    scanComplete: result.scanComplete,
packages/minecraft/tool-mc-project/src/index.ts:1083: trailing whitespace.
+  }
packages/minecraft/tool-mc-project/src/index.ts:1084: trailing whitespace.
+}
packages/minecraft/tool-mc-project/src/index.ts:1085: trailing whitespace.
+
packages/minecraft/tool-mc-project/src/index.ts:1086: trailing whitespace.
+function addResourceIssue(
packages/minecraft/tool-mc-project/src/index.ts:1087: trailing whitespace.
+  list: ResourceIssue[],
packages/minecraft/tool-mc-project/src/index.ts:1088: trailing whitespace.
+  code: string,
packages/minecraft/tool-mc-project/src/index.ts:1089: trailing whitespace.
+  path: string,
packages/minecraft/tool-mc-project/src/index.ts:1090: trailing whitespace.
+  message: string,
packages/minecraft/tool-mc-project/src/index.ts:1091: trailing whitespace.
+  reference: string | null = null,
packages/minecraft/tool-mc-project/src/index.ts:1092: trailing whitespace.
+  expectedPath: string | null = null,
packages/minecraft/tool-mc-project/src/index.ts:1093: trailing whitespace.
+): void {
packages/minecraft/tool-mc-project/src/index.ts:1094: trailing whitespace.
+  list.push({ code, path, message, reference, expectedPath })
packages/minecraft/tool-mc-project/src/index.ts:1095: trailing whitespace.
+}
packages/minecraft/tool-mc-project/src/index.ts:1096: trailing whitespace.
+
packages/minecraft/tool-mc-project/src/index.ts:1097: trailing whitespace.
+function parseResourceLocation(reference: string): { namespace: string; path: string } | undefined {
packages/minecraft/tool-mc-project/src/index.ts:1098: trailing whitespace.
+  if (reference.startsWith('#') || !RESOURCE_LOCATION_PATTERN.test(reference)) return undefined
packages/minecraft/tool-mc-project/src/index.ts:1099: trailing whitespace.
+  const colon = reference.indexOf(':')
packages/minecraft/tool-mc-project/src/index.ts:1100: trailing whitespace.
+  if (colon >= 0) return { namespace: reference.slice(0, colon), path: reference.slice(colon + 1) }
packages/minecraft/tool-mc-project/src/index.ts:1101: trailing whitespace.
+  return { namespace: 'minecraft', path: reference }
packages/minecraft/tool-mc-project/src/index.ts:1102: trailing whitespace.
+}
packages/minecraft/tool-mc-project/src/index.ts:1103: trailing whitespace.
+
packages/minecraft/tool-mc-project/src/index.ts:1104: trailing whitespace.
+function shouldCheckLocalReference(namespace: string, currentNamespace: string, detectedModId: string | null): boolean {
packages/minecraft/tool-mc-project/src/index.ts:1105: trailing whitespace.
+  return namespace !== 'minecraft' && (namespace === currentNamespace || namespace === detectedModId)
packages/minecraft/tool-mc-project/src/index.ts:1106: trailing whitespace.
+}
packages/minecraft/tool-mc-project/src/index.ts:1107: trailing whitespace.
+
packages/minecraft/tool-mc-project/src/index.ts:1108: trailing whitespace.
+function texturePath(root: string, namespace: string, path: string): string {
packages/minecraft/tool-mc-project/src/index.ts:1109: trailing whitespace.
+  return posix.join(root, `assets/${namespace}/textures/${path}.png`)
packages/minecraft/tool-mc-project/src/index.ts:1110: trailing whitespace.
+}
packages/minecraft/tool-mc-project/src/index.ts:1111: trailing whitespace.
+
packages/minecraft/tool-mc-project/src/index.ts:1112: trailing whitespace.
+function modelPath(root: string, namespace: string, path: string): string {
packages/minecraft/tool-mc-project/src/index.ts:1113: trailing whitespace.
+  return posix.join(root, `assets/${namespace}/models/${path}.json`)
packages/minecraft/tool-mc-project/src/index.ts:1114: trailing whitespace.
+}
packages/minecraft/tool-mc-project/src/index.ts:1115: trailing whitespace.
+
packages/minecraft/tool-mc-project/src/index.ts:1116: trailing whitespace.
+const PNG_CRC_TABLE = (() => {
packages/minecraft/tool-mc-project/src/index.ts:1117: trailing whitespace.
+  const table = new Uint32Array(256)
packages/minecraft/tool-mc-project/src/index.ts:1118: trailing whitespace.
+  for (let index = 0; index < table.length; index++) {
packages/minecraft/tool-mc-project/src/index.ts:1119: trailing whitespace.
+    let value = index
packages/minecraft/tool-mc-project/src/index.ts:1120: trailing whitespace.
+    for (let bit = 0; bit < 8; bit++) value = (value & 1) === 0 ? value >>> 1 : (value >>> 1) ^ 0xedb88320
packages/minecraft/tool-mc-project/src/index.ts:1121: trailing whitespace.
+    table[index] = value >>> 0
packages/minecraft/tool-mc-project/src/index.ts:1122: trailing whitespace.
+  }
packages/minecraft/tool-mc-project/src/index.ts:1123: trailing whitespace.
+  return table
packages/minecraft/tool-mc-project/src/index.ts:1124: trailing whitespace.
+})()
packages/minecraft/tool-mc-project/src/index.ts:1125: trailing whitespace.
+
packages/minecraft/tool-mc-project/src/index.ts:1126: trailing whitespace.
+function pngCrc(bytes: Uint8Array): number {
packages/minecraft/tool-mc-project/src/index.ts:1127: trailing whitespace.
+  let value = 0xffffffff
packages/minecraft/tool-mc-project/src/index.ts:1128: trailing whitespace.
+  for (const byte of bytes) value = (value >>> 8) ^ (PNG_CRC_TABLE[(value ^ byte) & 0xff] ?? 0)
packages/minecraft/tool-mc-project/src/index.ts:1129: trailing whitespace.
+  return (value ^ 0xffffffff) >>> 0
packages/minecraft/tool-mc-project/src/index.ts:1130: trailing whitespace.
+}
packages/minecraft/tool-mc-project/src/index.ts:1131: trailing whitespace.
+
packages/minecraft/tool-mc-project/src/index.ts:1132: trailing whitespace.
+function pngError(bytes: Uint8Array): string | undefined {
packages/minecraft/tool-mc-project/src/index.ts:1133: trailing whitespace.
+  const signature = [0x89, 0x50, 0x4e, 0x47, 0x0d, 0x0a, 0x1a, 0x0a]
packages/minecraft/tool-mc-project/src/index.ts:1134: trailing whitespace.
+  if (bytes.length === 0) return 'PNG file is empty'
packages/minecraft/tool-mc-project/src/index.ts:1135: trailing whitespace.
+  if (bytes.length < signature.length || !signature.every((value, index) => bytes[index] === value)) {
packages/minecraft/tool-mc-project/src/index.ts:1136: trailing whitespace.
+    return 'PNG signature is missing or invalid'
packages/minecraft/tool-mc-project/src/index.ts:1137: trailing whitespace.
+  }
packages/minecraft/tool-mc-project/src/index.ts:1138: trailing whitespace.
+
packages/minecraft/tool-mc-project/src/index.ts:1139: trailing whitespace.
+  let offset = signature.length
packages/minecraft/tool-mc-project/src/index.ts:1140: trailing whitespace.
+  let hasHeader = false
packages/minecraft/tool-mc-project/src/index.ts:1141: trailing whitespace.
+  let hasEnd = false
packages/minecraft/tool-mc-project/src/index.ts:1142: trailing whitespace.
+  while (offset < bytes.length) {
packages/minecraft/tool-mc-project/src/index.ts:1143: trailing whitespace.
+    if (bytes.length - offset < 12) return 'PNG chunk header is truncated'
packages/minecraft/tool-mc-project/src/index.ts:1144: trailing whitespace.
+    const length = new DataView(bytes.buffer, bytes.byteOffset + offset, 4).getUint32(0)
packages/minecraft/tool-mc-project/src/index.ts:1145: trailing whitespace.
+    /* v8 ignore start -- the preceding length guard guarantees all four type bytes. */
packages/minecraft/tool-mc-project/src/index.ts:1146: trailing whitespace.
+    const type = String.fromCharCode(
packages/minecraft/tool-mc-project/src/index.ts:1147: trailing whitespace.
+      bytes[offset + 4] ?? 0,
packages/minecraft/tool-mc-project/src/index.ts:1148: trailing whitespace.
+      bytes[offset + 5] ?? 0,
packages/minecraft/tool-mc-project/src/index.ts:1149: trailing whitespace.
+      bytes[offset + 6] ?? 0,
packages/minecraft/tool-mc-project/src/index.ts:1150: trailing whitespace.
+      bytes[offset + 7] ?? 0,
packages/minecraft/tool-mc-project/src/index.ts:1151: trailing whitespace.
+    )
packages/minecraft/tool-mc-project/src/index.ts:1152: trailing whitespace.
+    /* v8 ignore stop */
packages/minecraft/tool-mc-project/src/index.ts:1153: trailing whitespace.
+    const end = offset + 12 + length
packages/minecraft/tool-mc-project/src/index.ts:1154: trailing whitespace.
+    /* v8 ignore next -- a valid PNG chunk always has a four-byte non-empty type. */
packages/minecraft/tool-mc-project/src/index.ts:1155: trailing whitespace.
+    if (end > bytes.length) return `PNG ${type || 'chunk'} data is truncated`
packages/minecraft/tool-mc-project/src/index.ts:1156: trailing whitespace.
+    const expectedCrc = new DataView(bytes.buffer, bytes.byteOffset + offset + 8 + length, 4).getUint32(0)
packages/minecraft/tool-mc-project/src/index.ts:1157: trailing whitespace.
+    const actualCrc = pngCrc(bytes.subarray(offset + 4, offset + 8 + length))
packages/minecraft/tool-mc-project/src/index.ts:1158: trailing whitespace.
+    if (expectedCrc !== actualCrc) return `PNG ${type || 'chunk'} CRC is invalid`
packages/minecraft/tool-mc-project/src/index.ts:1159: trailing whitespace.
+    if (!hasHeader && type !== 'IHDR') return 'PNG must begin with an IHDR chunk'
packages/minecraft/tool-mc-project/src/index.ts:1160: trailing whitespace.
+    if (type === 'IHDR') {
packages/minecraft/tool-mc-project/src/index.ts:1161: trailing whitespace.
+      if (hasHeader || length !== 13) return 'PNG IHDR chunk is invalid'
packages/minecraft/tool-mc-project/src/index.ts:1162: trailing whitespace.
+      const header = new DataView(bytes.buffer, bytes.byteOffset + offset + 8, 13)
packages/minecraft/tool-mc-project/src/index.ts:1163: trailing whitespace.
+      if (header.getUint32(0) === 0 || header.getUint32(4) === 0) return 'PNG dimensions must be non-zero'
packages/minecraft/tool-mc-project/src/index.ts:1164: trailing whitespace.
+      hasHeader = true
packages/minecraft/tool-mc-project/src/index.ts:1165: trailing whitespace.
+    }
packages/minecraft/tool-mc-project/src/index.ts:1166: trailing whitespace.
+    if (type === 'IEND') {
packages/minecraft/tool-mc-project/src/index.ts:1167: trailing whitespace.
+      if (length !== 0) return 'PNG IEND chunk is invalid'
packages/minecraft/tool-mc-project/src/index.ts:1168: trailing whitespace.
+      hasEnd = true
packages/minecraft/tool-mc-project/src/index.ts:1169: trailing whitespace.
+      break
packages/minecraft/tool-mc-project/src/index.ts:1170: trailing whitespace.
+    }
packages/minecraft/tool-mc-project/src/index.ts:1171: trailing whitespace.
+    offset = end
packages/minecraft/tool-mc-project/src/index.ts:1172: trailing whitespace.
+  }
packages/minecraft/tool-mc-project/src/index.ts:1173: trailing whitespace.
+  if (!hasHeader) return 'PNG has no IHDR chunk'
packages/minecraft/tool-mc-project/src/index.ts:1174: trailing whitespace.
+  if (!hasEnd) return 'PNG has no complete IEND chunk'
packages/minecraft/tool-mc-project/src/index.ts:1175: trailing whitespace.
+  return undefined
packages/minecraft/tool-mc-project/src/index.ts:1176: trailing whitespace.
+}
packages/minecraft/tool-mc-project/src/index.ts:1177: trailing whitespace.
+
packages/minecraft/tool-mc-project/src/index.ts:1178: trailing whitespace.
+async function validatePngFiles(
packages/minecraft/tool-mc-project/src/index.ts:1179: trailing whitespace.
+  ctx: Context,
packages/minecraft/tool-mc-project/src/index.ts:1180: trailing whitespace.
+  exec: ProjectExecution,
packages/minecraft/tool-mc-project/src/index.ts:1181: trailing whitespace.
+  root: string,
packages/minecraft/tool-mc-project/src/index.ts:1182: trailing whitespace.
+  namespace: string,
packages/minecraft/tool-mc-project/src/index.ts:1183: trailing whitespace.
+  config: ResolvedConfig,
packages/minecraft/tool-mc-project/src/index.ts:1184: trailing whitespace.
+  result: ResourceValidationResult,
packages/minecraft/tool-mc-project/src/index.ts:1185: trailing whitespace.
+): Promise<void> {
packages/minecraft/tool-mc-project/src/index.ts:1186: trailing whitespace.
+  const warnings: string[] = []
packages/minecraft/tool-mc-project/src/index.ts:1187: trailing whitespace.
+  const files = await walkFiles(
packages/minecraft/tool-mc-project/src/index.ts:1188: trailing whitespace.
+    ctx,
packages/minecraft/tool-mc-project/src/index.ts:1189: trailing whitespace.
+    exec,
packages/minecraft/tool-mc-project/src/index.ts:1190: trailing whitespace.
+    posix.join(root, `assets/${namespace}/textures`),
packages/minecraft/tool-mc-project/src/index.ts:1191: trailing whitespace.
+    { entries: 0, warned: false },
packages/minecraft/tool-mc-project/src/index.ts:1192: trailing whitespace.
+    config,
packages/minecraft/tool-mc-project/src/index.ts:1193: trailing whitespace.
+    warnings,
packages/minecraft/tool-mc-project/src/index.ts:1194: trailing whitespace.
+    path => path.endsWith('.png'),
packages/minecraft/tool-mc-project/src/index.ts:1195: trailing whitespace.
+  )
packages/minecraft/tool-mc-project/src/index.ts:1196: trailing whitespace.
+  for (const warning of warnings) addResourceIssue(result.warnings, 'scan_warning', root, warning)
packages/minecraft/tool-mc-project/src/index.ts:1197: trailing whitespace.
+  for (const file of files) {
packages/minecraft/tool-mc-project/src/index.ts:1198: trailing whitespace.
+    result.checkedFiles.push(file.path)
packages/minecraft/tool-mc-project/src/index.ts:1199: trailing whitespace.
+    if (file.entry.size !== undefined && file.entry.size > config.maxFileBytes) {
packages/minecraft/tool-mc-project/src/index.ts:1200: trailing whitespace.
+      /* v8 ignore next -- JSON.parse throws SyntaxError, never a non-Error value. */
packages/minecraft/tool-mc-project/src/index.ts:1201: trailing whitespace.
+      addResourceIssue(
packages/minecraft/tool-mc-project/src/index.ts:1202: trailing whitespace.
+        result.warnings,
packages/minecraft/tool-mc-project/src/index.ts:1203: trailing whitespace.
+        'file_too_large',
packages/minecraft/tool-mc-project/src/index.ts:1204: trailing whitespace.
+        file.path,
packages/minecraft/tool-mc-project/src/index.ts:1205: trailing whitespace.
+        `Skipped because file size ${file.entry.size} exceeds maxFileBytes ${config.maxFileBytes}`,
packages/minecraft/tool-mc-project/src/index.ts:1206: trailing whitespace.
+      )
packages/minecraft/tool-mc-project/src/index.ts:1207: trailing whitespace.
+      continue
packages/minecraft/tool-mc-project/src/index.ts:1208: trailing whitespace.
+    }
packages/minecraft/tool-mc-project/src/index.ts:1209: trailing whitespace.
+    try {
packages/minecraft/tool-mc-project/src/index.ts:1210: trailing whitespace.
+      const bytes = await ctx.fs.readBytes(file.entry.target, exec.signal, config.maxFileBytes)
packages/minecraft/tool-mc-project/src/index.ts:1211: trailing whitespace.
+      const error = pngError(bytes)
packages/minecraft/tool-mc-project/src/index.ts:1212: trailing whitespace.
+      if (error !== undefined) addResourceIssue(result.errors, 'invalid_png', file.path, error)
packages/minecraft/tool-mc-project/src/index.ts:1213: trailing whitespace.
+    } catch (error) {
packages/minecraft/tool-mc-project/src/index.ts:1214: trailing whitespace.
+      if (isAbortedError(error, exec.signal)) throw error
packages/minecraft/tool-mc-project/src/index.ts:1215: trailing whitespace.
+      if (errorCode(error) === 'FS_TOO_LARGE') {
packages/minecraft/tool-mc-project/src/index.ts:1216: trailing whitespace.
+        addResourceIssue(
packages/minecraft/tool-mc-project/src/index.ts:1217: trailing whitespace.
+          result.warnings,
packages/minecraft/tool-mc-project/src/index.ts:1218: trailing whitespace.
+          'file_too_large',
packages/minecraft/tool-mc-project/src/index.ts:1219: trailing whitespace.
+          file.path,
packages/minecraft/tool-mc-project/src/index.ts:1220: trailing whitespace.
+          `Skipped because content exceeds maxFileBytes ${config.maxFileBytes}`,
packages/minecraft/tool-mc-project/src/index.ts:1221: trailing whitespace.
+        )
packages/minecraft/tool-mc-project/src/index.ts:1222: trailing whitespace.
+        continue
packages/minecraft/tool-mc-project/src/index.ts:1223: trailing whitespace.
+      }
packages/minecraft/tool-mc-project/src/index.ts:1224: trailing whitespace.
+      addResourceIssue(
packages/minecraft/tool-mc-project/src/index.ts:1225: trailing whitespace.
+        result.errors,
packages/minecraft/tool-mc-project/src/index.ts:1226: trailing whitespace.
+        'invalid_png',
packages/minecraft/tool-mc-project/src/index.ts:1227: trailing whitespace.
+        file.path,
packages/minecraft/tool-mc-project/src/index.ts:1228: trailing whitespace.
+        `PNG could not be read as bounded binary data: ${error instanceof Error ? error.message : String(error)}`,
packages/minecraft/tool-mc-project/src/index.ts:1229: trailing whitespace.
+      )
packages/minecraft/tool-mc-project/src/index.ts:1230: trailing whitespace.
+    }
packages/minecraft/tool-mc-project/src/index.ts:1231: trailing whitespace.
+  }
packages/minecraft/tool-mc-project/src/index.ts:1232: trailing whitespace.
+}
packages/minecraft/tool-mc-project/src/index.ts:1233: trailing whitespace.
+
packages/minecraft/tool-mc-project/src/index.ts:1234: trailing whitespace.
+function validateLanguageDocuments(
packages/minecraft/tool-mc-project/src/index.ts:1235: trailing whitespace.
+  documents: readonly { path: string; document: unknown }[],
packages/minecraft/tool-mc-project/src/index.ts:1236: trailing whitespace.
+  result: ResourceValidationResult,
packages/minecraft/tool-mc-project/src/index.ts:1237: trailing whitespace.
+): void {
packages/minecraft/tool-mc-project/src/index.ts:1238: trailing whitespace.
+  for (const file of documents) {
packages/minecraft/tool-mc-project/src/index.ts:1239: trailing whitespace.
+    const entries = objectRecord(file.document)
packages/minecraft/tool-mc-project/src/index.ts:1240: trailing whitespace.
+    if (entries === undefined) {
packages/minecraft/tool-mc-project/src/index.ts:1241: trailing whitespace.
+      addResourceIssue(result.errors, 'invalid_lang_shape', file.path, 'Language JSON must contain an object at the root.')
packages/minecraft/tool-mc-project/src/index.ts:1242: trailing whitespace.
+      continue
packages/minecraft/tool-mc-project/src/index.ts:1243: trailing whitespace.
+    }
packages/minecraft/tool-mc-project/src/index.ts:1244: trailing whitespace.
+    for (const [key, value] of Object.entries(entries)) {
packages/minecraft/tool-mc-project/src/index.ts:1245: trailing whitespace.
+      if (typeof value !== 'string') {
packages/minecraft/tool-mc-project/src/index.ts:1246: trailing whitespace.
+        addResourceIssue(
packages/minecraft/tool-mc-project/src/index.ts:1247: trailing whitespace.
+          result.errors,
packages/minecraft/tool-mc-project/src/index.ts:1248: trailing whitespace.
+          'invalid_lang_entry',
packages/minecraft/tool-mc-project/src/index.ts:1249: trailing whitespace.
+          file.path,
packages/minecraft/tool-mc-project/src/index.ts:1250: trailing whitespace.
+          `Language entry ${key} must have a string value.`,
packages/minecraft/tool-mc-project/src/index.ts:1251: trailing whitespace.
+          key,
packages/minecraft/tool-mc-project/src/index.ts:1252: trailing whitespace.
+        )
packages/minecraft/tool-mc-project/src/index.ts:1253: trailing whitespace.
+      }
packages/minecraft/tool-mc-project/src/index.ts:1254: trailing whitespace.
+    }
packages/minecraft/tool-mc-project/src/index.ts:1255: trailing whitespace.
+  }
packages/minecraft/tool-mc-project/src/index.ts:1256: trailing whitespace.
+}
packages/minecraft/tool-mc-project/src/index.ts:1257: trailing whitespace.
+
packages/minecraft/tool-mc-project/src/index.ts:1258: trailing whitespace.
+function parseJsonForValidation(result: ResourceValidationResult, path: string, text: string): unknown {
packages/minecraft/tool-mc-project/src/index.ts:1259: trailing whitespace.
+  result.checkedFiles.push(path)
packages/minecraft/tool-mc-project/src/index.ts:1260: trailing whitespace.
+  try {
packages/minecraft/tool-mc-project/src/index.ts:1261: trailing whitespace.
+    return JSON.parse(text) as unknown
packages/minecraft/tool-mc-project/src/index.ts:1262: trailing whitespace.
+  } catch (error) {
packages/minecraft/tool-mc-project/src/index.ts:1263: trailing whitespace.
+    addResourceIssue(
packages/minecraft/tool-mc-project/src/index.ts:1264: trailing whitespace.
+      result.errors,
packages/minecraft/tool-mc-project/src/index.ts:1265: trailing whitespace.
+      'invalid_json',
packages/minecraft/tool-mc-project/src/index.ts:1266: trailing whitespace.
+      path,
packages/minecraft/tool-mc-project/src/index.ts:1267: trailing whitespace.
+      /* v8 ignore next -- JSON.parse throws SyntaxError, never a non-Error value. */
packages/minecraft/tool-mc-project/src/index.ts:1268: trailing whitespace.
+      `JSON parse failed: ${error instanceof Error ? error.message : String(error)}`,
packages/minecraft/tool-mc-project/src/index.ts:1269: trailing whitespace.
+    )
packages/minecraft/tool-mc-project/src/index.ts:1270: trailing whitespace.
+    return undefined
packages/minecraft/tool-mc-project/src/index.ts:1271: trailing whitespace.
+  }
packages/minecraft/tool-mc-project/src/index.ts:1272: trailing whitespace.
+}
packages/minecraft/tool-mc-project/src/index.ts:1273: trailing whitespace.
+
packages/minecraft/tool-mc-project/src/index.ts:1274: trailing whitespace.
+async function readValidationText(
packages/minecraft/tool-mc-project/src/index.ts:1275: trailing whitespace.
+  ctx: Context,
packages/minecraft/tool-mc-project/src/index.ts:1276: trailing whitespace.
+  exec: ProjectExecution,
packages/minecraft/tool-mc-project/src/index.ts:1277: trailing whitespace.
+  path: string,
packages/minecraft/tool-mc-project/src/index.ts:1278: trailing whitespace.
+  entry: FsDirEntry,
packages/minecraft/tool-mc-project/src/index.ts:1279: trailing whitespace.
+  config: ResolvedConfig,
packages/minecraft/tool-mc-project/src/index.ts:1280: trailing whitespace.
+  result: ResourceValidationResult,
packages/minecraft/tool-mc-project/src/index.ts:1281: trailing whitespace.
+): Promise<string | undefined> {
packages/minecraft/tool-mc-project/src/index.ts:1282: trailing whitespace.
+  if (entry.size !== undefined && entry.size > config.maxFileBytes) {
packages/minecraft/tool-mc-project/src/index.ts:1283: trailing whitespace.
+    addResourceIssue(
packages/minecraft/tool-mc-project/src/index.ts:1284: trailing whitespace.
+      result.warnings,
packages/minecraft/tool-mc-project/src/index.ts:1285: trailing whitespace.
+      'file_too_large',
packages/minecraft/tool-mc-project/src/index.ts:1286: trailing whitespace.
+      path,
packages/minecraft/tool-mc-project/src/index.ts:1287: trailing whitespace.
+      `Skipped because file size ${entry.size} exceeds maxFileBytes ${config.maxFileBytes}`,
packages/minecraft/tool-mc-project/src/index.ts:1288: trailing whitespace.
+    )
packages/minecraft/tool-mc-project/src/index.ts:1289: trailing whitespace.
+    return undefined
packages/minecraft/tool-mc-project/src/index.ts:1290: trailing whitespace.
+  }
packages/minecraft/tool-mc-project/src/index.ts:1291: trailing whitespace.
+  try {
packages/minecraft/tool-mc-project/src/index.ts:1292: trailing whitespace.
+    return await readBoundedText(ctx, exec, entry.target, config)
packages/minecraft/tool-mc-project/src/index.ts:1293: trailing whitespace.
+  } catch (error) {
packages/minecraft/tool-mc-project/src/index.ts:1294: trailing whitespace.
+    if (isAbortedError(error, exec.signal)) throw error
packages/minecraft/tool-mc-project/src/index.ts:1295: trailing whitespace.
+    if (errorCode(error) === 'FS_TOO_LARGE') {
packages/minecraft/tool-mc-project/src/index.ts:1296: trailing whitespace.
+      addResourceIssue(
packages/minecraft/tool-mc-project/src/index.ts:1297: trailing whitespace.
+        result.warnings,
packages/minecraft/tool-mc-project/src/index.ts:1298: trailing whitespace.
+        'file_too_large',
packages/minecraft/tool-mc-project/src/index.ts:1299: trailing whitespace.
+        path,
packages/minecraft/tool-mc-project/src/index.ts:1300: trailing whitespace.
+        `Skipped because content exceeds maxFileBytes ${config.maxFileBytes}`,
packages/minecraft/tool-mc-project/src/index.ts:1301: trailing whitespace.
+      )
packages/minecraft/tool-mc-project/src/index.ts:1302: trailing whitespace.
+      return undefined
packages/minecraft/tool-mc-project/src/index.ts:1303: trailing whitespace.
+    }
packages/minecraft/tool-mc-project/src/index.ts:1304: trailing whitespace.
+    addResourceIssue(
packages/minecraft/tool-mc-project/src/index.ts:1305: trailing whitespace.
+      result.warnings,
packages/minecraft/tool-mc-project/src/index.ts:1306: trailing whitespace.
+      'read_failed',
packages/minecraft/tool-mc-project/src/index.ts:1307: trailing whitespace.
+      path,
packages/minecraft/tool-mc-project/src/index.ts:1308: trailing whitespace.
+      /* v8 ignore next -- filesystem providers expose Error-compatible failures. */
packages/minecraft/tool-mc-project/src/index.ts:1309: trailing whitespace.
+      `Could not read text: ${error instanceof Error ? error.message : String(error)}`,
packages/minecraft/tool-mc-project/src/index.ts:1310: trailing whitespace.
+    )
packages/minecraft/tool-mc-project/src/index.ts:1311: trailing whitespace.
+    return undefined
packages/minecraft/tool-mc-project/src/index.ts:1312: trailing whitespace.
+  }
packages/minecraft/tool-mc-project/src/index.ts:1313: trailing whitespace.
+}
packages/minecraft/tool-mc-project/src/index.ts:1314: trailing whitespace.
+
packages/minecraft/tool-mc-project/src/index.ts:1315: trailing whitespace.
+function objectRecord(value: unknown): Record<string, unknown> | undefined {
packages/minecraft/tool-mc-project/src/index.ts:1316: trailing whitespace.
+  return typeof value === 'object' && value !== null && !Array.isArray(value)
packages/minecraft/tool-mc-project/src/index.ts:1317: trailing whitespace.
+    ? value as Record<string, unknown>
packages/minecraft/tool-mc-project/src/index.ts:1318: trailing whitespace.
+    : undefined
packages/minecraft/tool-mc-project/src/index.ts:1319: trailing whitespace.
+}
packages/minecraft/tool-mc-project/src/index.ts:1320: trailing whitespace.
+
packages/minecraft/tool-mc-project/src/index.ts:1321: trailing whitespace.
+function collectObjectModels(value: unknown, out: string[]): void {
packages/minecraft/tool-mc-project/src/index.ts:1322: trailing whitespace.
+  if (Array.isArray(value)) {
packages/minecraft/tool-mc-project/src/index.ts:1323: trailing whitespace.
+    for (const item of value) collectObjectModels(item, out)
packages/minecraft/tool-mc-project/src/index.ts:1324: trailing whitespace.
+    return
packages/minecraft/tool-mc-project/src/index.ts:1325: trailing whitespace.
+  }
packages/minecraft/tool-mc-project/src/index.ts:1326: trailing whitespace.
+  const record = objectRecord(value)
packages/minecraft/tool-mc-project/src/index.ts:1327: trailing whitespace.
+  if (record === undefined) return
packages/minecraft/tool-mc-project/src/index.ts:1328: trailing whitespace.
+  for (const [key, child] of Object.entries(record)) {
packages/minecraft/tool-mc-project/src/index.ts:1329: trailing whitespace.
+    if (key === 'model' && typeof child === 'string') out.push(child)
packages/minecraft/tool-mc-project/src/index.ts:1330: trailing whitespace.
+    collectObjectModels(child, out)
packages/minecraft/tool-mc-project/src/index.ts:1331: trailing whitespace.
+  }
packages/minecraft/tool-mc-project/src/index.ts:1332: trailing whitespace.
+}
packages/minecraft/tool-mc-project/src/index.ts:1333: trailing whitespace.
+
packages/minecraft/tool-mc-project/src/index.ts:1334: trailing whitespace.
+function collectNamespaceReferences(value: unknown, out: Set<string>): void {
packages/minecraft/tool-mc-project/src/index.ts:1335: trailing whitespace.
+  if (typeof value === 'string') {
packages/minecraft/tool-mc-project/src/index.ts:1336: trailing whitespace.
+    for (const match of value.matchAll(RESOURCE_LOCATION_SCAN_PATTERN)) {
packages/minecraft/tool-mc-project/src/index.ts:1337: trailing whitespace.
+      const namespace = match[1]
packages/minecraft/tool-mc-project/src/index.ts:1338: trailing whitespace.
+      const path = match[2]
packages/minecraft/tool-mc-project/src/index.ts:1339: trailing whitespace.
+      /* v8 ignore next -- the regex requires both capture groups when it yields a match. */
packages/minecraft/tool-mc-project/src/index.ts:1340: trailing whitespace.
+      if (namespace !== undefined && path !== undefined) out.add(`${namespace}:${path}`)
packages/minecraft/tool-mc-project/src/index.ts:1341: trailing whitespace.
+    }
packages/minecraft/tool-mc-project/src/index.ts:1342: trailing whitespace.
+    return
packages/minecraft/tool-mc-project/src/index.ts:1343: trailing whitespace.
+  }
packages/minecraft/tool-mc-project/src/index.ts:1344: trailing whitespace.
+  if (Array.isArray(value)) {
packages/minecraft/tool-mc-project/src/index.ts:1345: trailing whitespace.
+    for (const item of value) collectNamespaceReferences(item, out)
packages/minecraft/tool-mc-project/src/index.ts:1346: trailing whitespace.
+    return
packages/minecraft/tool-mc-project/src/index.ts:1347: trailing whitespace.
+  }
packages/minecraft/tool-mc-project/src/index.ts:1348: trailing whitespace.
+  const record = objectRecord(value)
packages/minecraft/tool-mc-project/src/index.ts:1349: trailing whitespace.
+  if (record === undefined) return
packages/minecraft/tool-mc-project/src/index.ts:1350: trailing whitespace.
+  for (const [key, child] of Object.entries(record)) {
packages/minecraft/tool-mc-project/src/index.ts:1351: trailing whitespace.
+    for (const match of key.matchAll(RESOURCE_LOCATION_SCAN_PATTERN)) {
packages/minecraft/tool-mc-project/src/index.ts:1352: trailing whitespace.
+      const namespace = match[1]
packages/minecraft/tool-mc-project/src/index.ts:1353: trailing whitespace.
+      const path = match[2]
packages/minecraft/tool-mc-project/src/index.ts:1354: trailing whitespace.
+      /* v8 ignore next -- the regex requires both capture groups when it yields a match. */
packages/minecraft/tool-mc-project/src/index.ts:1355: trailing whitespace.
+      if (namespace !== undefined && path !== undefined) out.add(`${namespace}:${path}`)
packages/minecraft/tool-mc-project/src/index.ts:1356: trailing whitespace.
+    }
packages/minecraft/tool-mc-project/src/index.ts:1357: trailing whitespace.
+    collectNamespaceReferences(child, out)
packages/minecraft/tool-mc-project/src/index.ts:1358: trailing whitespace.
+  }
packages/minecraft/tool-mc-project/src/index.ts:1359: trailing whitespace.
+}
packages/minecraft/tool-mc-project/src/index.ts:1360: trailing whitespace.
+
packages/minecraft/tool-mc-project/src/index.ts:1361: trailing whitespace.
+function detectedHighConfidenceModId(detected: DetectionResult, result: ResourceValidationResult): string | null {
packages/minecraft/tool-mc-project/src/index.ts:1362: trailing whitespace.
+  const candidates = [...new Set(detected.modIdCandidates
packages/minecraft/tool-mc-project/src/index.ts:1363: trailing whitespace.
+    .filter(candidate => candidate.confidence === 'high')
packages/minecraft/tool-mc-project/src/index.ts:1364: trailing whitespace.
+    .map(candidate => candidate.id))]
packages/minecraft/tool-mc-project/src/index.ts:1365: trailing whitespace.
+  /* v8 ignore next -- length one guarantees a defined array element. */
packages/minecraft/tool-mc-project/src/index.ts:1366: trailing whitespace.
+  if (candidates.length === 1) return candidates[0] ?? null
packages/minecraft/tool-mc-project/src/index.ts:1367: trailing whitespace.
+  if (candidates.length > 1) {
packages/minecraft/tool-mc-project/src/index.ts:1368: trailing whitespace.
+    addResourceIssue(
packages/minecraft/tool-mc-project/src/index.ts:1369: trailing whitespace.
+      result.warnings,
packages/minecraft/tool-mc-project/src/index.ts:1370: trailing whitespace.
+      'ambiguous_modid',
packages/minecraft/tool-mc-project/src/index.ts:1371: trailing whitespace.
+      '',
packages/minecraft/tool-mc-project/src/index.ts:1372: trailing whitespace.
+      `Multiple high-confidence mod ids were detected: ${candidates.join(', ')}`,
packages/minecraft/tool-mc-project/src/index.ts:1373: trailing whitespace.
+    )
packages/minecraft/tool-mc-project/src/index.ts:1374: trailing whitespace.
+  }
packages/minecraft/tool-mc-project/src/index.ts:1375: trailing whitespace.
+  return null
packages/minecraft/tool-mc-project/src/index.ts:1376: trailing whitespace.
+}
packages/minecraft/tool-mc-project/src/index.ts:1377: trailing whitespace.
+
packages/minecraft/tool-mc-project/src/index.ts:1378: trailing whitespace.
+async function fallbackResourceRoots(ctx: Context, exec: ProjectExecution, warnings: ResourceIssue[]): Promise<string[]> {
packages/minecraft/tool-mc-project/src/index.ts:1379: trailing whitespace.
+  const roots: string[] = []
packages/minecraft/tool-mc-project/src/index.ts:1380: trailing whitespace.
+  const srcEntries = await listOptionalDir(ctx, exec, 'src')
packages/minecraft/tool-mc-project/src/index.ts:1381: trailing whitespace.
+  for (const entry of srcEntries.filter(candidate => candidate.type === 'directory')) {
packages/minecraft/tool-mc-project/src/index.ts:1382: trailing whitespace.
+    const path = `src/${entry.name}/resources`
packages/minecraft/tool-mc-project/src/index.ts:1383: trailing whitespace.
+    /* v8 ignore next -- detect() records every existing source-set resources directory before fallback runs. */
packages/minecraft/tool-mc-project/src/index.ts:1384: trailing whitespace.
+    if ((await optionalStat(ctx, exec, path))?.type === 'directory') pushUnique(roots, path)
packages/minecraft/tool-mc-project/src/index.ts:1385: trailing whitespace.
+  }
packages/minecraft/tool-mc-project/src/index.ts:1386: trailing whitespace.
+  /* v8 ignore next -- fallback is only called when detect() found no resource roots. */
packages/minecraft/tool-mc-project/src/index.ts:1387: trailing whitespace.
+  if (roots.length > 0) return roots.sort()
packages/minecraft/tool-mc-project/src/index.ts:1388: trailing whitespace.
+  const hasTopLevelAssets = (await optionalStat(ctx, exec, 'assets'))?.type === 'directory'
packages/minecraft/tool-mc-project/src/index.ts:1389: trailing whitespace.
+  const hasTopLevelData = (await optionalStat(ctx, exec, 'data'))?.type === 'directory'
packages/minecraft/tool-mc-project/src/index.ts:1390: trailing whitespace.
+  if (hasTopLevelAssets || hasTopLevelData) return ['']
packages/minecraft/tool-mc-project/src/index.ts:1391: trailing whitespace.
+  addResourceIssue(warnings, 'no_resource_roots', '', 'No Minecraft resource roots were found')
packages/minecraft/tool-mc-project/src/index.ts:1392: trailing whitespace.
+  return []
packages/minecraft/tool-mc-project/src/index.ts:1393: trailing whitespace.
+}
packages/minecraft/tool-mc-project/src/index.ts:1394: trailing whitespace.
+
packages/minecraft/tool-mc-project/src/index.ts:1395: trailing whitespace.
+async function localFileExists(ctx: Context, exec: ProjectExecution, path: string): Promise<boolean> {
packages/minecraft/tool-mc-project/src/index.ts:1396: trailing whitespace.
+  return (await optionalStat(ctx, exec, path))?.type === 'file'
packages/minecraft/tool-mc-project/src/index.ts:1397: trailing whitespace.
+}
packages/minecraft/tool-mc-project/src/index.ts:1398: trailing whitespace.
+
packages/minecraft/tool-mc-project/src/index.ts:1399: trailing whitespace.
+async function resourceNamespaces(ctx: Context, exec: ProjectExecution, roots: readonly string[], kind: 'assets' | 'data'): Promise<string[]> {
packages/minecraft/tool-mc-project/src/index.ts:1400: trailing whitespace.
+  const namespaces: string[] = []
packages/minecraft/tool-mc-project/src/index.ts:1401: trailing whitespace.
+  for (const root of roots) {
packages/minecraft/tool-mc-project/src/index.ts:1402: trailing whitespace.
+    const entries = await listOptionalDir(ctx, exec, posix.join(root, kind))
packages/minecraft/tool-mc-project/src/index.ts:1403: trailing whitespace.
+    for (const entry of entries) {
packages/minecraft/tool-mc-project/src/index.ts:1404: trailing whitespace.
+      if (entry.type === 'directory') pushUnique(namespaces, entry.name)
packages/minecraft/tool-mc-project/src/index.ts:1405: trailing whitespace.
+    }
packages/minecraft/tool-mc-project/src/index.ts:1406: trailing whitespace.
+  }
packages/minecraft/tool-mc-project/src/index.ts:1407: trailing whitespace.
+  return namespaces.sort()
packages/minecraft/tool-mc-project/src/index.ts:1408: trailing whitespace.
+}
packages/minecraft/tool-mc-project/src/index.ts:1409: trailing whitespace.
+
packages/minecraft/tool-mc-project/src/index.ts:1410: trailing whitespace.
+function namespaceAllowlist(detectedModId: string | null, namespaces: readonly string[]): Set<string> {
packages/minecraft/tool-mc-project/src/index.ts:1411: trailing whitespace.
+  const allowed = new Set(BUILTIN_RESOURCE_NAMESPACES)
packages/minecraft/tool-mc-project/src/index.ts:1412: trailing whitespace.
+  if (detectedModId !== null) allowed.add(detectedModId)
packages/minecraft/tool-mc-project/src/index.ts:1413: trailing whitespace.
+  for (const namespace of namespaces) allowed.add(namespace)
packages/minecraft/tool-mc-project/src/index.ts:1414: trailing whitespace.
+  return allowed
packages/minecraft/tool-mc-project/src/index.ts:1415: trailing whitespace.
+}
packages/minecraft/tool-mc-project/src/index.ts:1416: trailing whitespace.
+
packages/minecraft/tool-mc-project/src/index.ts:1417: trailing whitespace.
+function projectOutputSchema() {
packages/minecraft/tool-mc-project/src/index.ts:1418: trailing whitespace.
+  const stringArray = { type: 'array', items: { type: 'string' } } as const
packages/minecraft/tool-mc-project/src/index.ts:1419: trailing whitespace.
+  return {
packages/minecraft/tool-mc-project/src/index.ts:1420: trailing whitespace.
+    type: 'object',
packages/minecraft/tool-mc-project/src/index.ts:1421: trailing whitespace.
+    additionalProperties: false,
packages/minecraft/tool-mc-project/src/index.ts:1422: trailing whitespace.
+    properties: {
packages/minecraft/tool-mc-project/src/index.ts:1423: trailing whitespace.
+      workspace: { type: 'string', required: true },
packages/minecraft/tool-mc-project/src/index.ts:1424: trailing whitespace.
+      loader: { type: 'string', required: true, enum: ['architectury', 'fabric', 'forge', 'neoforge', 'quilt', 'unknown'] },
packages/minecraft/tool-mc-project/src/index.ts:1425: trailing whitespace.
+      loaderSupport: { type: 'string', required: true, enum: ['supported', 'unsupported', 'unknown'] },
packages/minecraft/tool-mc-project/src/index.ts:1426: trailing whitespace.
+      loaderEvidence: {
packages/minecraft/tool-mc-project/src/index.ts:1427: trailing whitespace.
+        type: 'array',
packages/minecraft/tool-mc-project/src/index.ts:1428: trailing whitespace.
+        required: true,
packages/minecraft/tool-mc-project/src/index.ts:1429: trailing whitespace.
+        items: {
packages/minecraft/tool-mc-project/src/index.ts:1430: trailing whitespace.
+          type: 'object',
packages/minecraft/tool-mc-project/src/index.ts:1431: trailing whitespace.
+          additionalProperties: false,
packages/minecraft/tool-mc-project/src/index.ts:1432: trailing whitespace.
+          properties: {
packages/minecraft/tool-mc-project/src/index.ts:1433: trailing whitespace.
+            loader: { type: 'string', required: true, enum: ['architectury', 'fabric', 'forge', 'neoforge', 'quilt'] },
packages/minecraft/tool-mc-project/src/index.ts:1434: trailing whitespace.
+            evidence: { ...stringArray, required: true },
packages/minecraft/tool-mc-project/src/index.ts:1435: trailing whitespace.
+          },
packages/minecraft/tool-mc-project/src/index.ts:1436: trailing whitespace.
+        },
packages/minecraft/tool-mc-project/src/index.ts:1437: trailing whitespace.
+      },
packages/minecraft/tool-mc-project/src/index.ts:1438: trailing whitespace.
+      minecraftVersion: {
packages/minecraft/tool-mc-project/src/index.ts:1439: trailing whitespace.
+        type: 'object',
packages/minecraft/tool-mc-project/src/index.ts:1440: trailing whitespace.
+        additionalProperties: false,
packages/minecraft/tool-mc-project/src/index.ts:1441: trailing whitespace.
+        required: true,
packages/minecraft/tool-mc-project/src/index.ts:1442: trailing whitespace.
+        properties: {
packages/minecraft/tool-mc-project/src/index.ts:1443: trailing whitespace.
+          status: { type: 'string', required: true, enum: ['determined', 'unknown', 'conflict'] },
packages/minecraft/tool-mc-project/src/index.ts:1444: trailing whitespace.
+          value: { type: 'string' },
packages/minecraft/tool-mc-project/src/index.ts:1445: trailing whitespace.
+          classification: { type: 'string', enum: ['exact', 'range'] },
packages/minecraft/tool-mc-project/src/index.ts:1446: trailing whitespace.
+          candidates: {
packages/minecraft/tool-mc-project/src/index.ts:1447: trailing whitespace.
+            type: 'array',
packages/minecraft/tool-mc-project/src/index.ts:1448: trailing whitespace.
+            required: true,
packages/minecraft/tool-mc-project/src/index.ts:1449: trailing whitespace.
+            items: {
packages/minecraft/tool-mc-project/src/index.ts:1450: trailing whitespace.
+              type: 'object',
packages/minecraft/tool-mc-project/src/index.ts:1451: trailing whitespace.
+              additionalProperties: false,
packages/minecraft/tool-mc-project/src/index.ts:1452: trailing whitespace.
+              properties: {
packages/minecraft/tool-mc-project/src/index.ts:1453: trailing whitespace.
+                value: { type: 'string', required: true },
packages/minecraft/tool-mc-project/src/index.ts:1454: trailing whitespace.
+                classification: { type: 'string', required: true, enum: ['exact', 'range'] },
packages/minecraft/tool-mc-project/src/index.ts:1455: trailing whitespace.
+                source: { type: 'string', required: true },
packages/minecraft/tool-mc-project/src/index.ts:1456: trailing whitespace.
+                evidence: { type: 'string', required: true },
packages/minecraft/tool-mc-project/src/index.ts:1457: trailing whitespace.
+              },
packages/minecraft/tool-mc-project/src/index.ts:1458: trailing whitespace.
+            },
packages/minecraft/tool-mc-project/src/index.ts:1459: trailing whitespace.
+          },
packages/minecraft/tool-mc-project/src/index.ts:1460: trailing whitespace.
+        },
packages/minecraft/tool-mc-project/src/index.ts:1461: trailing whitespace.
+      },
packages/minecraft/tool-mc-project/src/index.ts:1462: trailing whitespace.
+      mappings: {
packages/minecraft/tool-mc-project/src/index.ts:1463: trailing whitespace.
+        type: 'object',
packages/minecraft/tool-mc-project/src/index.ts:1464: trailing whitespace.
+        additionalProperties: false,
packages/minecraft/tool-mc-project/src/index.ts:1465: trailing whitespace.
+        required: true,
packages/minecraft/tool-mc-project/src/index.ts:1466: trailing whitespace.
+        properties: {
packages/minecraft/tool-mc-project/src/index.ts:1467: trailing whitespace.
+          status: { type: 'string', required: true, enum: ['determined', 'unknown', 'conflict'] },
packages/minecraft/tool-mc-project/src/index.ts:1468: trailing whitespace.
+          type: { type: 'string' },
packages/minecraft/tool-mc-project/src/index.ts:1469: trailing whitespace.
+          version: { oneOf: [{ type: 'string' }, { type: 'null' }] },
packages/minecraft/tool-mc-project/src/index.ts:1470: trailing whitespace.
+          candidates: {
packages/minecraft/tool-mc-project/src/index.ts:1471: trailing whitespace.
+            type: 'array',
packages/minecraft/tool-mc-project/src/index.ts:1472: trailing whitespace.
+            required: true,
packages/minecraft/tool-mc-project/src/index.ts:1473: trailing whitespace.
+            items: {
packages/minecraft/tool-mc-project/src/index.ts:1474: trailing whitespace.
+              type: 'object',
packages/minecraft/tool-mc-project/src/index.ts:1475: trailing whitespace.
+              additionalProperties: false,
packages/minecraft/tool-mc-project/src/index.ts:1476: trailing whitespace.
+              properties: {
packages/minecraft/tool-mc-project/src/index.ts:1477: trailing whitespace.
+                type: { type: 'string', required: true },
packages/minecraft/tool-mc-project/src/index.ts:1478: trailing whitespace.
+                version: { oneOf: [{ type: 'string' }, { type: 'null' }], required: true },
packages/minecraft/tool-mc-project/src/index.ts:1479: trailing whitespace.
+                source: { type: 'string', required: true },
packages/minecraft/tool-mc-project/src/index.ts:1480: trailing whitespace.
+                evidence: { type: 'string', required: true },
packages/minecraft/tool-mc-project/src/index.ts:1481: trailing whitespace.
+              },
packages/minecraft/tool-mc-project/src/index.ts:1482: trailing whitespace.
+            },
packages/minecraft/tool-mc-project/src/index.ts:1483: trailing whitespace.
+          },
packages/minecraft/tool-mc-project/src/index.ts:1484: trailing whitespace.
+        },
packages/minecraft/tool-mc-project/src/index.ts:1485: trailing whitespace.
+      },
packages/minecraft/tool-mc-project/src/index.ts:1486: trailing whitespace.
+      modIdCandidates: {
packages/minecraft/tool-mc-project/src/index.ts:1487: trailing whitespace.
+        type: 'array',
packages/minecraft/tool-mc-project/src/index.ts:1488: trailing whitespace.
+        required: true,
packages/minecraft/tool-mc-project/src/index.ts:1489: trailing whitespace.
+        items: {
packages/minecraft/tool-mc-project/src/index.ts:1490: trailing whitespace.
+          type: 'object',
packages/minecraft/tool-mc-project/src/index.ts:1491: trailing whitespace.
+          additionalProperties: false,
packages/minecraft/tool-mc-project/src/index.ts:1492: trailing whitespace.
+          properties: {
packages/minecraft/tool-mc-project/src/index.ts:1493: trailing whitespace.
+            id: { type: 'string', required: true },
packages/minecraft/tool-mc-project/src/index.ts:1494: trailing whitespace.
+            source: { type: 'string', required: true },
packages/minecraft/tool-mc-project/src/index.ts:1495: trailing whitespace.
+            confidence: { type: 'string', required: true, enum: ['high', 'medium', 'low'] },
packages/minecraft/tool-mc-project/src/index.ts:1496: trailing whitespace.
+          },
packages/minecraft/tool-mc-project/src/index.ts:1497: trailing whitespace.
+        },
packages/minecraft/tool-mc-project/src/index.ts:1498: trailing whitespace.
+      },
packages/minecraft/tool-mc-project/src/index.ts:1499: trailing whitespace.
+      languages: {
packages/minecraft/tool-mc-project/src/index.ts:1500: trailing whitespace.
+        type: 'object',
packages/minecraft/tool-mc-project/src/index.ts:1501: trailing whitespace.
+        additionalProperties: false,
packages/minecraft/tool-mc-project/src/index.ts:1502: trailing whitespace.
+        required: true,
packages/minecraft/tool-mc-project/src/index.ts:1503: trailing whitespace.
+        properties: {
packages/minecraft/tool-mc-project/src/index.ts:1504: trailing whitespace.
+          java: { type: 'boolean', required: true },
packages/minecraft/tool-mc-project/src/index.ts:1505: trailing whitespace.
+          kotlin: { type: 'boolean', required: true },
packages/minecraft/tool-mc-project/src/index.ts:1506: trailing whitespace.
+        },
packages/minecraft/tool-mc-project/src/index.ts:1507: trailing whitespace.
+      },
packages/minecraft/tool-mc-project/src/index.ts:1508: trailing whitespace.
+      mainSourceSets: {
packages/minecraft/tool-mc-project/src/index.ts:1509: trailing whitespace.
+        type: 'array',
packages/minecraft/tool-mc-project/src/index.ts:1510: trailing whitespace.
+        required: true,
packages/minecraft/tool-mc-project/src/index.ts:1511: trailing whitespace.
+        items: {
packages/minecraft/tool-mc-project/src/index.ts:1512: trailing whitespace.
+          type: 'object',
packages/minecraft/tool-mc-project/src/index.ts:1513: trailing whitespace.
+          additionalProperties: false,
packages/minecraft/tool-mc-project/src/index.ts:1514: trailing whitespace.
+          properties: {
packages/minecraft/tool-mc-project/src/index.ts:1515: trailing whitespace.
+            name: { type: 'string', required: true },
packages/minecraft/tool-mc-project/src/index.ts:1516: trailing whitespace.
+            java: { ...stringArray, required: true },
packages/minecraft/tool-mc-project/src/index.ts:1517: trailing whitespace.
+            kotlin: { ...stringArray, required: true },
packages/minecraft/tool-mc-project/src/index.ts:1518: trailing whitespace.
+            resources: { ...stringArray, required: true },
packages/minecraft/tool-mc-project/src/index.ts:1519: trailing whitespace.
+          },
packages/minecraft/tool-mc-project/src/index.ts:1520: trailing whitespace.
+        },
packages/minecraft/tool-mc-project/src/index.ts:1521: trailing whitespace.
+      },
packages/minecraft/tool-mc-project/src/index.ts:1522: trailing whitespace.
+      resourceRoots: { ...stringArray, required: true },
packages/minecraft/tool-mc-project/src/index.ts:1523: trailing whitespace.
+      mixinConfigs: {
packages/minecraft/tool-mc-project/src/index.ts:1524: trailing whitespace.
+        type: 'array',
packages/minecraft/tool-mc-project/src/index.ts:1525: trailing whitespace.
+        required: true,
packages/minecraft/tool-mc-project/src/index.ts:1526: trailing whitespace.
+        items: {
packages/minecraft/tool-mc-project/src/index.ts:1527: trailing whitespace.
+          type: 'object',
packages/minecraft/tool-mc-project/src/index.ts:1528: trailing whitespace.
+          additionalProperties: false,
packages/minecraft/tool-mc-project/src/index.ts:1529: trailing whitespace.
+          properties: {
packages/minecraft/tool-mc-project/src/index.ts:1530: trailing whitespace.
+            path: { type: 'string', required: true },
packages/minecraft/tool-mc-project/src/index.ts:1531: trailing whitespace.
+            source: { type: 'string', required: true },
packages/minecraft/tool-mc-project/src/index.ts:1532: trailing whitespace.
+          },
packages/minecraft/tool-mc-project/src/index.ts:1533: trailing whitespace.
+        },
packages/minecraft/tool-mc-project/src/index.ts:1534: trailing whitespace.
+      },
packages/minecraft/tool-mc-project/src/index.ts:1535: trailing whitespace.
+      datagenClues: {
packages/minecraft/tool-mc-project/src/index.ts:1536: trailing whitespace.
+        type: 'array',
packages/minecraft/tool-mc-project/src/index.ts:1537: trailing whitespace.
+        required: true,
packages/minecraft/tool-mc-project/src/index.ts:1538: trailing whitespace.
+        items: {
packages/minecraft/tool-mc-project/src/index.ts:1539: trailing whitespace.
+          type: 'object',
packages/minecraft/tool-mc-project/src/index.ts:1540: trailing whitespace.
+          additionalProperties: false,
packages/minecraft/tool-mc-project/src/index.ts:1541: trailing whitespace.
+          properties: {
packages/minecraft/tool-mc-project/src/index.ts:1542: trailing whitespace.
+            kind: { type: 'string', required: true },
packages/minecraft/tool-mc-project/src/index.ts:1543: trailing whitespace.
+            source: { type: 'string', required: true },
packages/minecraft/tool-mc-project/src/index.ts:1544: trailing whitespace.
+            detail: { type: 'string', required: true },
packages/minecraft/tool-mc-project/src/index.ts:1545: trailing whitespace.
+          },
packages/minecraft/tool-mc-project/src/index.ts:1546: trailing whitespace.
+        },
packages/minecraft/tool-mc-project/src/index.ts:1547: trailing whitespace.
+      },
packages/minecraft/tool-mc-project/src/index.ts:1548: trailing whitespace.
+      gradleTaskCandidates: { ...stringArray, required: true },
packages/minecraft/tool-mc-project/src/index.ts:1549: trailing whitespace.
+      recommendedValidationCommands: { ...stringArray, required: true },
packages/minecraft/tool-mc-project/src/index.ts:1550: trailing whitespace.
+      inspected: {
packages/minecraft/tool-mc-project/src/index.ts:1551: trailing whitespace.
+        type: 'object',
packages/minecraft/tool-mc-project/src/index.ts:1552: trailing whitespace.
+        additionalProperties: false,
packages/minecraft/tool-mc-project/src/index.ts:1553: trailing whitespace.
+        required: true,
packages/minecraft/tool-mc-project/src/index.ts:1554: trailing whitespace.
+        properties: {
packages/minecraft/tool-mc-project/src/index.ts:1555: trailing whitespace.
+          gradleFiles: { ...stringArray, required: true },
packages/minecraft/tool-mc-project/src/index.ts:1556: trailing whitespace.
+          metadataFiles: { ...stringArray, required: true },
packages/minecraft/tool-mc-project/src/index.ts:1557: trailing whitespace.
+          sourceRoots: { ...stringArray, required: true },
packages/minecraft/tool-mc-project/src/index.ts:1558: trailing whitespace.
+          resourceRoots: { ...stringArray, required: true },
packages/minecraft/tool-mc-project/src/index.ts:1559: trailing whitespace.
+        },
packages/minecraft/tool-mc-project/src/index.ts:1560: trailing whitespace.
+      },
packages/minecraft/tool-mc-project/src/index.ts:1561: trailing whitespace.
+      warnings: { ...stringArray, required: true },
packages/minecraft/tool-mc-project/src/index.ts:1562: trailing whitespace.
+      scanComplete: { type: 'boolean', required: true },
packages/minecraft/tool-mc-project/src/index.ts:1563: trailing whitespace.
+    },
packages/minecraft/tool-mc-project/src/index.ts:1564: trailing whitespace.
+  } as const
packages/minecraft/tool-mc-project/src/index.ts:1565: trailing whitespace.
+}
packages/minecraft/tool-mc-project/src/index.ts:1566: trailing whitespace.
+
packages/minecraft/tool-mc-project/src/index.ts:1567: trailing whitespace.
+function resourceValidationOutputSchema() {
packages/minecraft/tool-mc-project/src/index.ts:1568: trailing whitespace.
+  const issue = {
packages/minecraft/tool-mc-project/src/index.ts:1569: trailing whitespace.
+    type: 'object',
packages/minecraft/tool-mc-project/src/index.ts:1570: trailing whitespace.
+    additionalProperties: false,
packages/minecraft/tool-mc-project/src/index.ts:1571: trailing whitespace.
+    properties: {
packages/minecraft/tool-mc-project/src/index.ts:1572: trailing whitespace.
+      code: { type: 'string', required: true },
packages/minecraft/tool-mc-project/src/index.ts:1573: trailing whitespace.
+      path: { type: 'string', required: true },
packages/minecraft/tool-mc-project/src/index.ts:1574: trailing whitespace.
+      message: { type: 'string', required: true },
packages/minecraft/tool-mc-project/src/index.ts:1575: trailing whitespace.
+      reference: { oneOf: [{ type: 'string' }, { type: 'null' }], required: true },
packages/minecraft/tool-mc-project/src/index.ts:1576: trailing whitespace.
+      expectedPath: { oneOf: [{ type: 'string' }, { type: 'null' }], required: true },
packages/minecraft/tool-mc-project/src/index.ts:1577: trailing whitespace.
+    },
packages/minecraft/tool-mc-project/src/index.ts:1578: trailing whitespace.
+  } as const
packages/minecraft/tool-mc-project/src/index.ts:1579: trailing whitespace.
+  return {
packages/minecraft/tool-mc-project/src/index.ts:1580: trailing whitespace.
+    type: 'object',
packages/minecraft/tool-mc-project/src/index.ts:1581: trailing whitespace.
+    additionalProperties: false,
packages/minecraft/tool-mc-project/src/index.ts:1582: trailing whitespace.
+    properties: {
packages/minecraft/tool-mc-project/src/index.ts:1583: trailing whitespace.
+      errors: { type: 'array', required: true, items: issue },
packages/minecraft/tool-mc-project/src/index.ts:1584: trailing whitespace.
+      warnings: { type: 'array', required: true, items: issue },
packages/minecraft/tool-mc-project/src/index.ts:1585: trailing whitespace.
+      checkedFiles: { type: 'array', required: true, items: { type: 'string' } },
packages/minecraft/tool-mc-project/src/index.ts:1586: trailing whitespace.
+      detectedModId: { oneOf: [{ type: 'string' }, { type: 'null' }], required: true },
packages/minecraft/tool-mc-project/src/index.ts:1587: trailing whitespace.
+      scanComplete: { type: 'boolean', required: true },
packages/minecraft/tool-mc-project/src/index.ts:1588: trailing whitespace.
+    },
packages/minecraft/tool-mc-project/src/index.ts:1589: trailing whitespace.
+  } as const
packages/minecraft/tool-mc-project/src/index.ts:1590: trailing whitespace.
+}
packages/minecraft/tool-mc-project/src/index.ts:1591: trailing whitespace.
+
packages/minecraft/tool-mc-project/src/index.ts:1592: trailing whitespace.
+async function detect(ctx: Context, exec: ProjectExecution, config: ResolvedConfig): Promise<DetectionScan> {
packages/minecraft/tool-mc-project/src/index.ts:1593: trailing whitespace.
+  const warnings: string[] = []
packages/minecraft/tool-mc-project/src/index.ts:1594: trailing whitespace.
+  const root = await ctx.fs.resolve('.', sessionResolveOptions(exec))
packages/minecraft/tool-mc-project/src/index.ts:1595: trailing whitespace.
+  const rootInfo = await ctx.fs.stat(root, exec.signal)
packages/minecraft/tool-mc-project/src/index.ts:1596: trailing whitespace.
+  if (rootInfo?.type !== 'directory') warnings.push('workspace root is not a directory')
packages/minecraft/tool-mc-project/src/index.ts:1597: trailing whitespace.
+
packages/minecraft/tool-mc-project/src/index.ts:1598: trailing whitespace.
+  const state: DetectionState = {
packages/minecraft/tool-mc-project/src/index.ts:1599: trailing whitespace.
+    warnings,
packages/minecraft/tool-mc-project/src/index.ts:1600: trailing whitespace.
+    metadataErrors: [],
packages/minecraft/tool-mc-project/src/index.ts:1601: trailing whitespace.
+    loaderEvidence: new Map(),
packages/minecraft/tool-mc-project/src/index.ts:1602: trailing whitespace.
+    minecraftVersions: [],
packages/minecraft/tool-mc-project/src/index.ts:1603: trailing whitespace.
+    mappings: [],
packages/minecraft/tool-mc-project/src/index.ts:1604: trailing whitespace.
+    modIds: [],
packages/minecraft/tool-mc-project/src/index.ts:1605: trailing whitespace.
+    mixins: [],
packages/minecraft/tool-mc-project/src/index.ts:1606: trailing whitespace.
+    datagen: [],
packages/minecraft/tool-mc-project/src/index.ts:1607: trailing whitespace.
+    gradleTaskCandidates: [],
packages/minecraft/tool-mc-project/src/index.ts:1608: trailing whitespace.
+    customResourceRoots: [],
packages/minecraft/tool-mc-project/src/index.ts:1609: trailing whitespace.
+  }
packages/minecraft/tool-mc-project/src/index.ts:1610: trailing whitespace.
+
packages/minecraft/tool-mc-project/src/index.ts:1611: trailing whitespace.
+  const gradleFiles: TextFile[] = []
packages/minecraft/tool-mc-project/src/index.ts:1612: trailing whitespace.
+  for (const path of ROOT_GRADLE_FILES) {
packages/minecraft/tool-mc-project/src/index.ts:1613: trailing whitespace.
+    const file = await readOptionalText(ctx, exec, path, config, warnings)
packages/minecraft/tool-mc-project/src/index.ts:1614: trailing whitespace.
+    if (file !== undefined) gradleFiles.push(file)
packages/minecraft/tool-mc-project/src/index.ts:1615: trailing whitespace.
+  }
packages/minecraft/tool-mc-project/src/index.ts:1616: trailing whitespace.
+  for (const file of gradleFiles) {
packages/minecraft/tool-mc-project/src/index.ts:1617: trailing whitespace.
+    if (file.path === 'gradle/libs.versions.toml') scanVersionsToml(state, file)
packages/minecraft/tool-mc-project/src/index.ts:1618: trailing whitespace.
+    else scanGradleText(state, file)
packages/minecraft/tool-mc-project/src/index.ts:1619: trailing whitespace.
+    scanCustomResourceRoots(state, file.text)
packages/minecraft/tool-mc-project/src/index.ts:1620: trailing whitespace.
+  }
packages/minecraft/tool-mc-project/src/index.ts:1621: trailing whitespace.
+
packages/minecraft/tool-mc-project/src/index.ts:1622: trailing whitespace.
+  const sourceSets: SourceSetInfo[] = []
packages/minecraft/tool-mc-project/src/index.ts:1623: trailing whitespace.
+  const sourceRoots: string[] = []
packages/minecraft/tool-mc-project/src/index.ts:1624: trailing whitespace.
+  const resourceRoots: string[] = []
packages/minecraft/tool-mc-project/src/index.ts:1625: trailing whitespace.
+  const srcEntries = await listOptionalDir(ctx, exec, 'src')
packages/minecraft/tool-mc-project/src/index.ts:1626: trailing whitespace.
+  for (const entry of srcEntries.filter(candidate => candidate.type === 'directory')) {
packages/minecraft/tool-mc-project/src/index.ts:1627: trailing whitespace.
+    const sourceSet = entry.name
packages/minecraft/tool-mc-project/src/index.ts:1628: trailing whitespace.
+    const java = (await optionalStat(ctx, exec, `src/${sourceSet}/java`))?.type === 'directory' ? [`src/${sourceSet}/java`] : []
packages/minecraft/tool-mc-project/src/index.ts:1629: trailing whitespace.
+    const kotlin = (await optionalStat(ctx, exec, `src/${sourceSet}/kotlin`))?.type === 'directory' ? [`src/${sourceSet}/kotlin`] : []
packages/minecraft/tool-mc-project/src/index.ts:1630: trailing whitespace.
+    const resources = (await optionalStat(ctx, exec, `src/${sourceSet}/resources`))?.type === 'directory' ? [`src/${sourceSet}/resources`] : []
packages/minecraft/tool-mc-project/src/index.ts:1631: trailing whitespace.
+    if (java.length + kotlin.length + resources.length === 0) continue
packages/minecraft/tool-mc-project/src/index.ts:1632: trailing whitespace.
+    sourceSets.push({ name: sourceSet, java, kotlin, resources })
packages/minecraft/tool-mc-project/src/index.ts:1633: trailing whitespace.
+    for (const path of java) pushUnique(sourceRoots, path)
packages/minecraft/tool-mc-project/src/index.ts:1634: trailing whitespace.
+    for (const path of kotlin) pushUnique(sourceRoots, path)
packages/minecraft/tool-mc-project/src/index.ts:1635: trailing whitespace.
+    for (const path of resources) pushUnique(resourceRoots, path)
packages/minecraft/tool-mc-project/src/index.ts:1636: trailing whitespace.
+  }
packages/minecraft/tool-mc-project/src/index.ts:1637: trailing whitespace.
+
packages/minecraft/tool-mc-project/src/index.ts:1638: trailing whitespace.
+  for (const path of state.customResourceRoots) {
packages/minecraft/tool-mc-project/src/index.ts:1639: trailing whitespace.
+    const info = await optionalStat(ctx, exec, path)
packages/minecraft/tool-mc-project/src/index.ts:1640: trailing whitespace.
+    if (info?.type === 'directory') pushUnique(resourceRoots, path)
packages/minecraft/tool-mc-project/src/index.ts:1641: trailing whitespace.
+    else warnings.push(`Gradle resource directory ${path} was declared but could not be inspected`)
packages/minecraft/tool-mc-project/src/index.ts:1642: trailing whitespace.
+  }
packages/minecraft/tool-mc-project/src/index.ts:1643: trailing whitespace.
+
packages/minecraft/tool-mc-project/src/index.ts:1644: trailing whitespace.
+  const metadataFiles: TextFile[] = []
packages/minecraft/tool-mc-project/src/index.ts:1645: trailing whitespace.
+  const metadataWarnings: string[] = []
packages/minecraft/tool-mc-project/src/index.ts:1646: trailing whitespace.
+  const resourceWalkState: WalkState = { entries: 0, warned: false }
packages/minecraft/tool-mc-project/src/index.ts:1647: trailing whitespace.
+  const resourceClueFiles: Array<{ path: string; entry: FsDirEntry }> = []
packages/minecraft/tool-mc-project/src/index.ts:1648: trailing whitespace.
+  for (const resourceRoot of resourceRoots) {
packages/minecraft/tool-mc-project/src/index.ts:1649: trailing whitespace.
+    const files = await walkFiles(
packages/minecraft/tool-mc-project/src/index.ts:1650: trailing whitespace.
+      ctx,
packages/minecraft/tool-mc-project/src/index.ts:1651: trailing whitespace.
+      exec,
packages/minecraft/tool-mc-project/src/index.ts:1652: trailing whitespace.
+      resourceRoot,
packages/minecraft/tool-mc-project/src/index.ts:1653: trailing whitespace.
+      resourceWalkState,
packages/minecraft/tool-mc-project/src/index.ts:1654: trailing whitespace.
+      config,
packages/minecraft/tool-mc-project/src/index.ts:1655: trailing whitespace.
+      metadataWarnings,
packages/minecraft/tool-mc-project/src/index.ts:1656: trailing whitespace.
+      path => METADATA_BASENAMES.has(posix.basename(path)) || isMixinFile(path),
packages/minecraft/tool-mc-project/src/index.ts:1657: trailing whitespace.
+    )
packages/minecraft/tool-mc-project/src/index.ts:1658: trailing whitespace.
+    resourceClueFiles.push(...files)
packages/minecraft/tool-mc-project/src/index.ts:1659: trailing whitespace.
+    for (const file of files) {
packages/minecraft/tool-mc-project/src/index.ts:1660: trailing whitespace.
+      if (!METADATA_BASENAMES.has(posix.basename(file.path))) continue
packages/minecraft/tool-mc-project/src/index.ts:1661: trailing whitespace.
+      const text = await readTextFile(ctx, exec, file.path, file.entry.target, file.entry.size, config, metadataWarnings)
packages/minecraft/tool-mc-project/src/index.ts:1662: trailing whitespace.
+      if (text !== undefined) metadataFiles.push(text)
packages/minecraft/tool-mc-project/src/index.ts:1663: trailing whitespace.
+    }
packages/minecraft/tool-mc-project/src/index.ts:1664: trailing whitespace.
+  }
packages/minecraft/tool-mc-project/src/index.ts:1665: trailing whitespace.
+  warnings.push(...metadataWarnings)
packages/minecraft/tool-mc-project/src/index.ts:1666: trailing whitespace.
+  for (const file of metadataFiles) {
packages/minecraft/tool-mc-project/src/index.ts:1667: trailing whitespace.
+    switch (posix.basename(file.path)) {
packages/minecraft/tool-mc-project/src/index.ts:1668: trailing whitespace.
+      case 'fabric.mod.json':
packages/minecraft/tool-mc-project/src/index.ts:1669: trailing whitespace.
+        scanFabricMetadata(state, file)
packages/minecraft/tool-mc-project/src/index.ts:1670: trailing whitespace.
+        break
packages/minecraft/tool-mc-project/src/index.ts:1671: trailing whitespace.
+      case 'quilt.mod.json':
packages/minecraft/tool-mc-project/src/index.ts:1672: trailing whitespace.
+        scanQuiltMetadata(state, file)
packages/minecraft/tool-mc-project/src/index.ts:1673: trailing whitespace.
+        break
packages/minecraft/tool-mc-project/src/index.ts:1674: trailing whitespace.
+      case 'mods.toml':
packages/minecraft/tool-mc-project/src/index.ts:1675: trailing whitespace.
+      case 'neoforge.mods.toml':
packages/minecraft/tool-mc-project/src/index.ts:1676: trailing whitespace.
+        scanTomlMetadata(state, file)
packages/minecraft/tool-mc-project/src/index.ts:1677: trailing whitespace.
+        break
packages/minecraft/tool-mc-project/src/index.ts:1678: trailing whitespace.
+    }
packages/minecraft/tool-mc-project/src/index.ts:1679: trailing whitespace.
+  }
packages/minecraft/tool-mc-project/src/index.ts:1680: trailing whitespace.
+
packages/minecraft/tool-mc-project/src/index.ts:1681: trailing whitespace.
+  for (const file of resourceClueFiles) {
packages/minecraft/tool-mc-project/src/index.ts:1682: trailing whitespace.
+    if (isMixinFile(file.path)) state.mixins.push({ path: file.path, source: 'resource file name' })
packages/minecraft/tool-mc-project/src/index.ts:1683: trailing whitespace.
+  }
packages/minecraft/tool-mc-project/src/index.ts:1684: trailing whitespace.
+
packages/minecraft/tool-mc-project/src/index.ts:1685: trailing whitespace.
+  const sourceWalkState: WalkState = { entries: 0, warned: false }
packages/minecraft/tool-mc-project/src/index.ts:1686: trailing whitespace.
+  let hasJava = false
packages/minecraft/tool-mc-project/src/index.ts:1687: trailing whitespace.
+  let hasKotlin = false
packages/minecraft/tool-mc-project/src/index.ts:1688: trailing whitespace.
+  for (const sourceRoot of sourceRoots) {
packages/minecraft/tool-mc-project/src/index.ts:1689: trailing whitespace.
+    if (sourceRoot.endsWith('/java')) hasJava = true
packages/minecraft/tool-mc-project/src/index.ts:1690: trailing whitespace.
+    if (sourceRoot.endsWith('/kotlin')) hasKotlin = true
packages/minecraft/tool-mc-project/src/index.ts:1691: trailing whitespace.
+    const files = await walkFiles(ctx, exec, sourceRoot, sourceWalkState, config, warnings, path => /\.(?:java|kt)$/u.test(path))
packages/minecraft/tool-mc-project/src/index.ts:1692: trailing whitespace.
+    for (const file of files) {
packages/minecraft/tool-mc-project/src/index.ts:1693: trailing whitespace.
+      if (file.path.endsWith('.java')) hasJava = true
packages/minecraft/tool-mc-project/src/index.ts:1694: trailing whitespace.
+      if (file.path.endsWith('.kt')) hasKotlin = true
packages/minecraft/tool-mc-project/src/index.ts:1695: trailing whitespace.
+      const text = await readTextFile(ctx, exec, file.path, file.entry.target, file.entry.size, config, warnings)
packages/minecraft/tool-mc-project/src/index.ts:1696: trailing whitespace.
+      if (text !== undefined) scanSourceText(state, text)
packages/minecraft/tool-mc-project/src/index.ts:1697: trailing whitespace.
+    }
packages/minecraft/tool-mc-project/src/index.ts:1698: trailing whitespace.
+  }
packages/minecraft/tool-mc-project/src/index.ts:1699: trailing whitespace.
+  for (const file of gradleFiles) {
packages/minecraft/tool-mc-project/src/index.ts:1700: trailing whitespace.
+    if (/\b(?:org\.jetbrains\.kotlin\.jvm|kotlin\(["']jvm["']\))\b/u.test(file.text)) hasKotlin = true
packages/minecraft/tool-mc-project/src/index.ts:1701: trailing whitespace.
+  }
packages/minecraft/tool-mc-project/src/index.ts:1702: trailing whitespace.
+
packages/minecraft/tool-mc-project/src/index.ts:1703: trailing whitespace.
+  const loader = chooseLoader(state)
packages/minecraft/tool-mc-project/src/index.ts:1704: trailing whitespace.
+  const loaderSupportState = loaderSupport(loader)
packages/minecraft/tool-mc-project/src/index.ts:1705: trailing whitespace.
+  const minecraftVersion = chooseMinecraftVersion(state)
packages/minecraft/tool-mc-project/src/index.ts:1706: trailing whitespace.
+  const mappings = chooseMappings(state)
packages/minecraft/tool-mc-project/src/index.ts:1707: trailing whitespace.
+  const modIdCandidates = uniq(state.modIds, item => `${item.id}\0${item.source}\0${item.confidence}`)
packages/minecraft/tool-mc-project/src/index.ts:1708: trailing whitespace.
+  const mixinConfigs = uniq(state.mixins, item => `${item.path}\0${item.source}`)
packages/minecraft/tool-mc-project/src/index.ts:1709: trailing whitespace.
+  const datagenClues = uniq(state.datagen, item => `${item.kind}\0${item.source}\0${item.detail}`)
packages/minecraft/tool-mc-project/src/index.ts:1710: trailing whitespace.
+  const hasWrapper = (await optionalStat(ctx, exec, 'gradlew'))?.type === 'file' || (await optionalStat(ctx, exec, 'gradlew.bat'))?.type === 'file'
packages/minecraft/tool-mc-project/src/index.ts:1711: trailing whitespace.
+
packages/minecraft/tool-mc-project/src/index.ts:1712: trailing whitespace.
+  if (gradleFiles.length === 0) warnings.push('no root Gradle files were found')
packages/minecraft/tool-mc-project/src/index.ts:1713: trailing whitespace.
+  if (metadataFiles.length === 0) warnings.push('no Minecraft mod metadata files were found under resource roots')
packages/minecraft/tool-mc-project/src/index.ts:1714: trailing whitespace.
+  if (resourceRoots.length === 0) warnings.push('no src/<sourceSet>/resources roots were found')
packages/minecraft/tool-mc-project/src/index.ts:1715: trailing whitespace.
+  if (loader === 'unknown' && state.loaderEvidence.size === 0) warnings.push('loader could not be identified from Gradle files or mod metadata')
packages/minecraft/tool-mc-project/src/index.ts:1716: trailing whitespace.
+  if (loaderSupportState === 'unsupported') {
packages/minecraft/tool-mc-project/src/index.ts:1717: trailing whitespace.
+    warnings.push(`loader ${loader} is detected but unsupported by this profile; only Fabric and NeoForge are supported`)
packages/minecraft/tool-mc-project/src/index.ts:1718: trailing whitespace.
+  }
packages/minecraft/tool-mc-project/src/index.ts:1719: trailing whitespace.
+  if (minecraftVersion.status === 'unknown') warnings.push('Minecraft version could not be identified')
packages/minecraft/tool-mc-project/src/index.ts:1720: trailing whitespace.
+  if (mappings.status === 'unknown') warnings.push('mappings could not be identified')
packages/minecraft/tool-mc-project/src/index.ts:1721: trailing whitespace.
+
packages/minecraft/tool-mc-project/src/index.ts:1722: trailing whitespace.
+  const loaderEvidence = [...state.loaderEvidence.entries()]
packages/minecraft/tool-mc-project/src/index.ts:1723: trailing whitespace.
+    .map(([loader, evidence]) => ({ loader, evidence: [...evidence] }))
packages/minecraft/tool-mc-project/src/index.ts:1724: trailing whitespace.
+    .sort((a, b) => a.loader.localeCompare(b.loader))
packages/minecraft/tool-mc-project/src/index.ts:1725: trailing whitespace.
+
packages/minecraft/tool-mc-project/src/index.ts:1726: trailing whitespace.
+  const scanComplete = !warnings.some(warning => warning.includes('scan stopped') || warning.includes('could not be inspected'))
packages/minecraft/tool-mc-project/src/index.ts:1727: trailing whitespace.
+  const project: DetectionResult = {
packages/minecraft/tool-mc-project/src/index.ts:1728: trailing whitespace.
+    workspace: root.displayPath,
packages/minecraft/tool-mc-project/src/index.ts:1729: trailing whitespace.
+    loader,
packages/minecraft/tool-mc-project/src/index.ts:1730: trailing whitespace.
+    loaderSupport: loaderSupportState,
packages/minecraft/tool-mc-project/src/index.ts:1731: trailing whitespace.
+    loaderEvidence,
packages/minecraft/tool-mc-project/src/index.ts:1732: trailing whitespace.
+    minecraftVersion,
packages/minecraft/tool-mc-project/src/index.ts:1733: trailing whitespace.
+    mappings,
packages/minecraft/tool-mc-project/src/index.ts:1734: trailing whitespace.
+    modIdCandidates,
packages/minecraft/tool-mc-project/src/index.ts:1735: trailing whitespace.
+    languages: { java: hasJava, kotlin: hasKotlin },
packages/minecraft/tool-mc-project/src/index.ts:1736: trailing whitespace.
+    mainSourceSets: sourceSets.sort((a, b) => a.name.localeCompare(b.name)),
packages/minecraft/tool-mc-project/src/index.ts:1737: trailing whitespace.
+    resourceRoots: [...resourceRoots].sort(),
packages/minecraft/tool-mc-project/src/index.ts:1738: trailing whitespace.
+    mixinConfigs,
packages/minecraft/tool-mc-project/src/index.ts:1739: trailing whitespace.
+    datagenClues,
packages/minecraft/tool-mc-project/src/index.ts:1740: trailing whitespace.
+    recommendedValidationCommands: validationCommands(
packages/minecraft/tool-mc-project/src/index.ts:1741: trailing whitespace.
+      loader,
packages/minecraft/tool-mc-project/src/index.ts:1742: trailing whitespace.
+      loaderSupportState,
packages/minecraft/tool-mc-project/src/index.ts:1743: trailing whitespace.
+      gradleFiles.length > 0,
packages/minecraft/tool-mc-project/src/index.ts:1744: trailing whitespace.
+      hasWrapper,
packages/minecraft/tool-mc-project/src/index.ts:1745: trailing whitespace.
+      datagenClues,
packages/minecraft/tool-mc-project/src/index.ts:1746: trailing whitespace.
+      state.gradleTaskCandidates,
packages/minecraft/tool-mc-project/src/index.ts:1747: trailing whitespace.
+    ),
packages/minecraft/tool-mc-project/src/index.ts:1748: trailing whitespace.
+    gradleTaskCandidates: [...state.gradleTaskCandidates].sort(),
packages/minecraft/tool-mc-project/src/index.ts:1749: trailing whitespace.
+    inspected: {
packages/minecraft/tool-mc-project/src/index.ts:1750: trailing whitespace.
+      gradleFiles: gradleFiles.map(file => file.path),
packages/minecraft/tool-mc-project/src/index.ts:1751: trailing whitespace.
+      metadataFiles: metadataFiles.map(file => file.path),
packages/minecraft/tool-mc-project/src/index.ts:1752: trailing whitespace.
+      sourceRoots: [...sourceRoots].sort(),
packages/minecraft/tool-mc-project/src/index.ts:1753: trailing whitespace.
+      resourceRoots: [...resourceRoots].sort(),
packages/minecraft/tool-mc-project/src/index.ts:1754: trailing whitespace.
+    },
packages/minecraft/tool-mc-project/src/index.ts:1755: trailing whitespace.
+    warnings,
packages/minecraft/tool-mc-project/src/index.ts:1756: trailing whitespace.
+    scanComplete,
packages/minecraft/tool-mc-project/src/index.ts:1757: trailing whitespace.
+  }
packages/minecraft/tool-mc-project/src/index.ts:1758: trailing whitespace.
+  return { project, metadataErrors: state.metadataErrors, metadataWarnings }
packages/minecraft/tool-mc-project/src/index.ts:1759: trailing whitespace.
+}
packages/minecraft/tool-mc-project/src/index.ts:1760: trailing whitespace.
+
packages/minecraft/tool-mc-project/src/index.ts:1761: trailing whitespace.
+async function resourceFileExists(
packages/minecraft/tool-mc-project/src/index.ts:1762: trailing whitespace.
+  ctx: Context,
packages/minecraft/tool-mc-project/src/index.ts:1763: trailing whitespace.
+  exec: ProjectExecution,
packages/minecraft/tool-mc-project/src/index.ts:1764: trailing whitespace.
+  roots: readonly string[],
packages/minecraft/tool-mc-project/src/index.ts:1765: trailing whitespace.
+  expected: (root: string) => string,
packages/minecraft/tool-mc-project/src/index.ts:1766: trailing whitespace.
+): Promise<boolean> {
packages/minecraft/tool-mc-project/src/index.ts:1767: trailing whitespace.
+  for (const root of roots) {
packages/minecraft/tool-mc-project/src/index.ts:1768: trailing whitespace.
+    if (await localFileExists(ctx, exec, expected(root))) return true
packages/minecraft/tool-mc-project/src/index.ts:1769: trailing whitespace.
+  }
packages/minecraft/tool-mc-project/src/index.ts:1770: trailing whitespace.
+  return false
packages/minecraft/tool-mc-project/src/index.ts:1771: trailing whitespace.
+}
packages/minecraft/tool-mc-project/src/index.ts:1772: trailing whitespace.
+
packages/minecraft/tool-mc-project/src/index.ts:1773: trailing whitespace.
+async function readJsonResourceFiles(
packages/minecraft/tool-mc-project/src/index.ts:1774: trailing whitespace.
+  ctx: Context,
packages/minecraft/tool-mc-project/src/index.ts:1775: trailing whitespace.
+  exec: ProjectExecution,
packages/minecraft/tool-mc-project/src/index.ts:1776: trailing whitespace.
+  base: string,
packages/minecraft/tool-mc-project/src/index.ts:1777: trailing whitespace.
+  config: ResolvedConfig,
packages/minecraft/tool-mc-project/src/index.ts:1778: trailing whitespace.
+  result: ResourceValidationResult,
packages/minecraft/tool-mc-project/src/index.ts:1779: trailing whitespace.
+): Promise<Array<{ path: string; document: unknown }>> {
packages/minecraft/tool-mc-project/src/index.ts:1780: trailing whitespace.
+  const scanWarnings: string[] = []
packages/minecraft/tool-mc-project/src/index.ts:1781: trailing whitespace.
+  const files = await walkFiles(
packages/minecraft/tool-mc-project/src/index.ts:1782: trailing whitespace.
+    ctx,
packages/minecraft/tool-mc-project/src/index.ts:1783: trailing whitespace.
+    exec,
packages/minecraft/tool-mc-project/src/index.ts:1784: trailing whitespace.
+    base,
packages/minecraft/tool-mc-project/src/index.ts:1785: trailing whitespace.
+    { entries: 0, warned: false },
packages/minecraft/tool-mc-project/src/index.ts:1786: trailing whitespace.
+    config,
packages/minecraft/tool-mc-project/src/index.ts:1787: trailing whitespace.
+    scanWarnings,
packages/minecraft/tool-mc-project/src/index.ts:1788: trailing whitespace.
+    path => path.endsWith('.json'),
packages/minecraft/tool-mc-project/src/index.ts:1789: trailing whitespace.
+  )
packages/minecraft/tool-mc-project/src/index.ts:1790: trailing whitespace.
+  for (const warning of scanWarnings) addResourceIssue(result.warnings, 'scan_warning', base, warning)
packages/minecraft/tool-mc-project/src/index.ts:1791: trailing whitespace.
+  const documents: Array<{ path: string; document: unknown }> = []
packages/minecraft/tool-mc-project/src/index.ts:1792: trailing whitespace.
+  for (const file of files) {
packages/minecraft/tool-mc-project/src/index.ts:1793: trailing whitespace.
+    const text = await readValidationText(ctx, exec, file.path, file.entry, config, result)
packages/minecraft/tool-mc-project/src/index.ts:1794: trailing whitespace.
+    if (text === undefined) continue
packages/minecraft/tool-mc-project/src/index.ts:1795: trailing whitespace.
+    const document = parseJsonForValidation(result, file.path, text)
packages/minecraft/tool-mc-project/src/index.ts:1796: trailing whitespace.
+    if (document !== undefined) documents.push({ path: file.path, document })
packages/minecraft/tool-mc-project/src/index.ts:1797: trailing whitespace.
+  }
packages/minecraft/tool-mc-project/src/index.ts:1798: trailing whitespace.
+  return documents
packages/minecraft/tool-mc-project/src/index.ts:1799: trailing whitespace.
+}
packages/minecraft/tool-mc-project/src/index.ts:1800: trailing whitespace.
+
packages/minecraft/tool-mc-project/src/index.ts:1801: trailing whitespace.
+async function validateModelTextures(
packages/minecraft/tool-mc-project/src/index.ts:1802: trailing whitespace.
+  ctx: Context,
packages/minecraft/tool-mc-project/src/index.ts:1803: trailing whitespace.
+  exec: ProjectExecution,
packages/minecraft/tool-mc-project/src/index.ts:1804: trailing whitespace.
+  roots: readonly string[],
packages/minecraft/tool-mc-project/src/index.ts:1805: trailing whitespace.
+  root: string,
packages/minecraft/tool-mc-project/src/index.ts:1806: trailing whitespace.
+  namespace: string,
packages/minecraft/tool-mc-project/src/index.ts:1807: trailing whitespace.
+  folder: 'item' | 'block',
packages/minecraft/tool-mc-project/src/index.ts:1808: trailing whitespace.
+  config: ResolvedConfig,
packages/minecraft/tool-mc-project/src/index.ts:1809: trailing whitespace.
+  detectedModId: string | null,
packages/minecraft/tool-mc-project/src/index.ts:1810: trailing whitespace.
+  result: ResourceValidationResult,
packages/minecraft/tool-mc-project/src/index.ts:1811: trailing whitespace.
+): Promise<void> {
packages/minecraft/tool-mc-project/src/index.ts:1812: trailing whitespace.
+  const documents = await readJsonResourceFiles(ctx, exec, posix.join(root, `assets/${namespace}/models/${folder}`), config, result)
packages/minecraft/tool-mc-project/src/index.ts:1813: trailing whitespace.
+  for (const file of documents) {
packages/minecraft/tool-mc-project/src/index.ts:1814: trailing whitespace.
+    const model = objectRecord(file.document)
packages/minecraft/tool-mc-project/src/index.ts:1815: trailing whitespace.
+    if (model === undefined) {
packages/minecraft/tool-mc-project/src/index.ts:1816: trailing whitespace.
+      addResourceIssue(result.errors, 'invalid_model_shape', file.path, 'Model JSON must contain an object at the root.')
packages/minecraft/tool-mc-project/src/index.ts:1817: trailing whitespace.
+      continue
packages/minecraft/tool-mc-project/src/index.ts:1818: trailing whitespace.
+    }
packages/minecraft/tool-mc-project/src/index.ts:1819: trailing whitespace.
+    const parent = stringAt(model, 'parent')
packages/minecraft/tool-mc-project/src/index.ts:1820: trailing whitespace.
+    if (parent !== undefined) {
packages/minecraft/tool-mc-project/src/index.ts:1821: trailing whitespace.
+      const parsedParent = parseResourceLocation(parent)
packages/minecraft/tool-mc-project/src/index.ts:1822: trailing whitespace.
+      if (parsedParent !== undefined && shouldCheckLocalReference(parsedParent.namespace, namespace, detectedModId)) {
packages/minecraft/tool-mc-project/src/index.ts:1823: trailing whitespace.
+        const expectedParent = modelPath(root, parsedParent.namespace, parsedParent.path)
packages/minecraft/tool-mc-project/src/index.ts:1824: trailing whitespace.
+        const parentExists = await resourceFileExists(
packages/minecraft/tool-mc-project/src/index.ts:1825: trailing whitespace.
+          ctx,
packages/minecraft/tool-mc-project/src/index.ts:1826: trailing whitespace.
+          exec,
packages/minecraft/tool-mc-project/src/index.ts:1827: trailing whitespace.
+          roots,
packages/minecraft/tool-mc-project/src/index.ts:1828: trailing whitespace.
+          candidateRoot => modelPath(candidateRoot, parsedParent.namespace, parsedParent.path),
packages/minecraft/tool-mc-project/src/index.ts:1829: trailing whitespace.
+        )
packages/minecraft/tool-mc-project/src/index.ts:1830: trailing whitespace.
+        if (!parentExists) {
packages/minecraft/tool-mc-project/src/index.ts:1831: trailing whitespace.
+          addResourceIssue(
packages/minecraft/tool-mc-project/src/index.ts:1832: trailing whitespace.
+            result.errors,
packages/minecraft/tool-mc-project/src/index.ts:1833: trailing whitespace.
+            'missing_model_parent',
packages/minecraft/tool-mc-project/src/index.ts:1834: trailing whitespace.
+            file.path,
packages/minecraft/tool-mc-project/src/index.ts:1835: trailing whitespace.
+            `Model references missing local parent ${parent}`,
packages/minecraft/tool-mc-project/src/index.ts:1836: trailing whitespace.
+            parent,
packages/minecraft/tool-mc-project/src/index.ts:1837: trailing whitespace.
+            expectedParent,
packages/minecraft/tool-mc-project/src/index.ts:1838: trailing whitespace.
+          )
packages/minecraft/tool-mc-project/src/index.ts:1839: trailing whitespace.
+        }
packages/minecraft/tool-mc-project/src/index.ts:1840: trailing whitespace.
+      }
packages/minecraft/tool-mc-project/src/index.ts:1841: trailing whitespace.
+    }
packages/minecraft/tool-mc-project/src/index.ts:1842: trailing whitespace.
+    const textures = model.textures
packages/minecraft/tool-mc-project/src/index.ts:1843: trailing whitespace.
+    const textureRecord = objectRecord(textures)
packages/minecraft/tool-mc-project/src/index.ts:1844: trailing whitespace.
+    if (textures !== undefined && textureRecord === undefined) {
packages/minecraft/tool-mc-project/src/index.ts:1845: trailing whitespace.
+      addResourceIssue(result.errors, 'invalid_model_shape', file.path, 'Model textures must be an object when present.')
packages/minecraft/tool-mc-project/src/index.ts:1846: trailing whitespace.
+      continue
packages/minecraft/tool-mc-project/src/index.ts:1847: trailing whitespace.
+    }
packages/minecraft/tool-mc-project/src/index.ts:1848: trailing whitespace.
+    if (textureRecord === undefined) continue
packages/minecraft/tool-mc-project/src/index.ts:1849: trailing whitespace.
+    for (const texture of Object.values(textureRecord)) {
packages/minecraft/tool-mc-project/src/index.ts:1850: trailing whitespace.
+      if (typeof texture !== 'string' || texture.startsWith('#')) continue
packages/minecraft/tool-mc-project/src/index.ts:1851: trailing whitespace.
+      const parsed = parseResourceLocation(texture)
packages/minecraft/tool-mc-project/src/index.ts:1852: trailing whitespace.
+      if (parsed === undefined) continue
packages/minecraft/tool-mc-project/src/index.ts:1853: trailing whitespace.
+      if (!shouldCheckLocalReference(parsed.namespace, namespace, detectedModId)) continue
packages/minecraft/tool-mc-project/src/index.ts:1854: trailing whitespace.
+      const expectedPath = texturePath(root, parsed.namespace, parsed.path)
packages/minecraft/tool-mc-project/src/index.ts:1855: trailing whitespace.
+      if (!await resourceFileExists(ctx, exec, roots, candidateRoot => texturePath(candidateRoot, parsed.namespace, parsed.path))) {
packages/minecraft/tool-mc-project/src/index.ts:1856: trailing whitespace.
+        addResourceIssue(
packages/minecraft/tool-mc-project/src/index.ts:1857: trailing whitespace.
+          result.errors,
packages/minecraft/tool-mc-project/src/index.ts:1858: trailing whitespace.
+          'missing_texture',
packages/minecraft/tool-mc-project/src/index.ts:1859: trailing whitespace.
+          file.path,
packages/minecraft/tool-mc-project/src/index.ts:1860: trailing whitespace.
+          `Model references missing texture ${texture}`,
packages/minecraft/tool-mc-project/src/index.ts:1861: trailing whitespace.
+          texture,
packages/minecraft/tool-mc-project/src/index.ts:1862: trailing whitespace.
+          expectedPath,
packages/minecraft/tool-mc-project/src/index.ts:1863: trailing whitespace.
+        )
packages/minecraft/tool-mc-project/src/index.ts:1864: trailing whitespace.
+      }
packages/minecraft/tool-mc-project/src/index.ts:1865: trailing whitespace.
+    }
packages/minecraft/tool-mc-project/src/index.ts:1866: trailing whitespace.
+  }
packages/minecraft/tool-mc-project/src/index.ts:1867: trailing whitespace.
+}
packages/minecraft/tool-mc-project/src/index.ts:1868: trailing whitespace.
+
packages/minecraft/tool-mc-project/src/index.ts:1869: trailing whitespace.
+async function validateBlockstateModels(
packages/minecraft/tool-mc-project/src/index.ts:1870: trailing whitespace.
+  ctx: Context,
packages/minecraft/tool-mc-project/src/index.ts:1871: trailing whitespace.
+  exec: ProjectExecution,
packages/minecraft/tool-mc-project/src/index.ts:1872: trailing whitespace.
+  roots: readonly string[],
packages/minecraft/tool-mc-project/src/index.ts:1873: trailing whitespace.
+  root: string,
packages/minecraft/tool-mc-project/src/index.ts:1874: trailing whitespace.
+  namespace: string,
packages/minecraft/tool-mc-project/src/index.ts:1875: trailing whitespace.
+  config: ResolvedConfig,
packages/minecraft/tool-mc-project/src/index.ts:1876: trailing whitespace.
+  detectedModId: string | null,
packages/minecraft/tool-mc-project/src/index.ts:1877: trailing whitespace.
+  result: ResourceValidationResult,
packages/minecraft/tool-mc-project/src/index.ts:1878: trailing whitespace.
+): Promise<void> {
packages/minecraft/tool-mc-project/src/index.ts:1879: trailing whitespace.
+  const documents = await readJsonResourceFiles(ctx, exec, posix.join(root, `assets/${namespace}/blockstates`), config, result)
packages/minecraft/tool-mc-project/src/index.ts:1880: trailing whitespace.
+  for (const file of documents) {
packages/minecraft/tool-mc-project/src/index.ts:1881: trailing whitespace.
+    if (objectRecord(file.document) === undefined) {
packages/minecraft/tool-mc-project/src/index.ts:1882: trailing whitespace.
+      addResourceIssue(result.errors, 'invalid_blockstate_shape', file.path, 'Blockstate JSON must contain an object at the root.')
packages/minecraft/tool-mc-project/src/index.ts:1883: trailing whitespace.
+      continue
packages/minecraft/tool-mc-project/src/index.ts:1884: trailing whitespace.
+    }
packages/minecraft/tool-mc-project/src/index.ts:1885: trailing whitespace.
+    const models: string[] = []
packages/minecraft/tool-mc-project/src/index.ts:1886: trailing whitespace.
+    collectObjectModels(file.document, models)
packages/minecraft/tool-mc-project/src/index.ts:1887: trailing whitespace.
+    for (const model of models) {
packages/minecraft/tool-mc-project/src/index.ts:1888: trailing whitespace.
+      const parsed = parseResourceLocation(model)
packages/minecraft/tool-mc-project/src/index.ts:1889: trailing whitespace.
+      if (parsed === undefined) continue
packages/minecraft/tool-mc-project/src/index.ts:1890: trailing whitespace.
+      if (!shouldCheckLocalReference(parsed.namespace, namespace, detectedModId)) continue
packages/minecraft/tool-mc-project/src/index.ts:1891: trailing whitespace.
+      const expectedPath = modelPath(root, parsed.namespace, parsed.path)
packages/minecraft/tool-mc-project/src/index.ts:1892: trailing whitespace.
+      if (!await resourceFileExists(ctx, exec, roots, candidateRoot => modelPath(candidateRoot, parsed.namespace, parsed.path))) {
packages/minecraft/tool-mc-project/src/index.ts:1893: trailing whitespace.
+        addResourceIssue(
packages/minecraft/tool-mc-project/src/index.ts:1894: trailing whitespace.
+          result.errors,
packages/minecraft/tool-mc-project/src/index.ts:1895: trailing whitespace.
+          'missing_model',
packages/minecraft/tool-mc-project/src/index.ts:1896: trailing whitespace.
+          file.path,
packages/minecraft/tool-mc-project/src/index.ts:1897: trailing whitespace.
+          `Blockstate references missing model ${model}`,
packages/minecraft/tool-mc-project/src/index.ts:1898: trailing whitespace.
+          model,
packages/minecraft/tool-mc-project/src/index.ts:1899: trailing whitespace.
+          expectedPath,
packages/minecraft/tool-mc-project/src/index.ts:1900: trailing whitespace.
+        )
packages/minecraft/tool-mc-project/src/index.ts:1901: trailing whitespace.
+      }
packages/minecraft/tool-mc-project/src/index.ts:1902: trailing whitespace.
+    }
packages/minecraft/tool-mc-project/src/index.ts:1903: trailing whitespace.
+  }
packages/minecraft/tool-mc-project/src/index.ts:1904: trailing whitespace.
+}
packages/minecraft/tool-mc-project/src/index.ts:1905: trailing whitespace.
+
packages/minecraft/tool-mc-project/src/index.ts:1906: trailing whitespace.
+async function validateDataJson(
packages/minecraft/tool-mc-project/src/index.ts:1907: trailing whitespace.
+  ctx: Context,
packages/minecraft/tool-mc-project/src/index.ts:1908: trailing whitespace.
+  exec: ProjectExecution,
packages/minecraft/tool-mc-project/src/index.ts:1909: trailing whitespace.
+  root: string,
packages/minecraft/tool-mc-project/src/index.ts:1910: trailing whitespace.
+  namespace: string,
packages/minecraft/tool-mc-project/src/index.ts:1911: trailing whitespace.
+  folder: typeof DATA_JSON_FOLDERS[number],
packages/minecraft/tool-mc-project/src/index.ts:1912: trailing whitespace.
+  version: MinecraftVersionResult,
packages/minecraft/tool-mc-project/src/index.ts:1913: trailing whitespace.
+  config: ResolvedConfig,
packages/minecraft/tool-mc-project/src/index.ts:1914: trailing whitespace.
+  allowedNamespaces: ReadonlySet<string>,
packages/minecraft/tool-mc-project/src/index.ts:1915: trailing whitespace.
+  detectedModId: string | null,
packages/minecraft/tool-mc-project/src/index.ts:1916: trailing whitespace.
+  result: ResourceValidationResult,
packages/minecraft/tool-mc-project/src/index.ts:1917: trailing whitespace.
+): Promise<void> {
packages/minecraft/tool-mc-project/src/index.ts:1918: trailing whitespace.
+  if (detectedModId !== null && namespace !== detectedModId && !BUILTIN_RESOURCE_NAMESPACES.has(namespace)) {
packages/minecraft/tool-mc-project/src/index.ts:1919: trailing whitespace.
+    addResourceIssue(
packages/minecraft/tool-mc-project/src/index.ts:1920: trailing whitespace.
+      result.warnings,
packages/minecraft/tool-mc-project/src/index.ts:1921: trailing whitespace.
+      'suspicious_namespace',
packages/minecraft/tool-mc-project/src/index.ts:1922: trailing whitespace.
+      posix.join(root, `data/${namespace}/${folder}`),
packages/minecraft/tool-mc-project/src/index.ts:1923: trailing whitespace.
+      `Data namespace ${namespace} differs from detected mod id ${detectedModId}`,
packages/minecraft/tool-mc-project/src/index.ts:1924: trailing whitespace.
+      namespace,
packages/minecraft/tool-mc-project/src/index.ts:1925: trailing whitespace.
+    )
packages/minecraft/tool-mc-project/src/index.ts:1926: trailing whitespace.
+  }
packages/minecraft/tool-mc-project/src/index.ts:1927: trailing whitespace.
+
packages/minecraft/tool-mc-project/src/index.ts:1928: trailing whitespace.
+  const documents = await readJsonResourceFiles(ctx, exec, posix.join(root, `data/${namespace}/${folder}`), config, result)
packages/minecraft/tool-mc-project/src/index.ts:1929: trailing whitespace.
+  const pair = DATA_JSON_FOLDER_PAIRS.find(names => names.some(name => name === folder))
packages/minecraft/tool-mc-project/src/index.ts:1930: trailing whitespace.
+  if (pair !== undefined && documents.length > 0) {
packages/minecraft/tool-mc-project/src/index.ts:1931: trailing whitespace.
+    const exactVersion = version.status === 'determined' && version.classification === 'exact'
packages/minecraft/tool-mc-project/src/index.ts:1932: trailing whitespace.
+      ? valid(/^\d+\.\d+$/u.test(version.value) ? `${version.value}.0` : version.value, { loose: true })
packages/minecraft/tool-mc-project/src/index.ts:1933: trailing whitespace.
+      : null
packages/minecraft/tool-mc-project/src/index.ts:1934: trailing whitespace.
+    const base = posix.join(root, `data/${namespace}/${folder}`)
packages/minecraft/tool-mc-project/src/index.ts:1935: trailing whitespace.
+    if (exactVersion === null) {
packages/minecraft/tool-mc-project/src/index.ts:1936: trailing whitespace.
+      addResourceIssue(result.warnings, 'data_directory_version_unknown', base, 'The exact Minecraft version is not determined; verify whether this data directory uses the expected name.')
packages/minecraft/tool-mc-project/src/index.ts:1937: trailing whitespace.
+    } else {
packages/minecraft/tool-mc-project/src/index.ts:1938: trailing whitespace.
+      const expectedFolder = pair[gte(exactVersion, '1.21.0') ? 1 : 0]
packages/minecraft/tool-mc-project/src/index.ts:1939: trailing whitespace.
+      if (folder !== expectedFolder) {
packages/minecraft/tool-mc-project/src/index.ts:1940: trailing whitespace.
+        addResourceIssue(
packages/minecraft/tool-mc-project/src/index.ts:1941: trailing whitespace.
+          result.errors,
packages/minecraft/tool-mc-project/src/index.ts:1942: trailing whitespace.
+          'data_directory_version',
packages/minecraft/tool-mc-project/src/index.ts:1943: trailing whitespace.
+          base,
packages/minecraft/tool-mc-project/src/index.ts:1944: trailing whitespace.
+          `Minecraft ${exactVersion} uses the ${expectedFolder} data directory; files under ${folder} are not loaded from this location.`,
packages/minecraft/tool-mc-project/src/index.ts:1945: trailing whitespace.
+          null,
packages/minecraft/tool-mc-project/src/index.ts:1946: trailing whitespace.
+          posix.join(root, `data/${namespace}/${expectedFolder}`),
packages/minecraft/tool-mc-project/src/index.ts:1947: trailing whitespace.
+        )
packages/minecraft/tool-mc-project/src/index.ts:1948: trailing whitespace.
+      }
packages/minecraft/tool-mc-project/src/index.ts:1949: trailing whitespace.
+    }
packages/minecraft/tool-mc-project/src/index.ts:1950: trailing whitespace.
+  }
packages/minecraft/tool-mc-project/src/index.ts:1951: trailing whitespace.
+  for (const file of documents) {
packages/minecraft/tool-mc-project/src/index.ts:1952: trailing whitespace.
+    if (objectRecord(file.document) === undefined) {
packages/minecraft/tool-mc-project/src/index.ts:1953: trailing whitespace.
+      addResourceIssue(
packages/minecraft/tool-mc-project/src/index.ts:1954: trailing whitespace.
+        result.errors,
packages/minecraft/tool-mc-project/src/index.ts:1955: trailing whitespace.
+        'invalid_resource_shape',
packages/minecraft/tool-mc-project/src/index.ts:1956: trailing whitespace.
+        file.path,
packages/minecraft/tool-mc-project/src/index.ts:1957: trailing whitespace.
+        `${folder} JSON must contain an object at the root.`,
packages/minecraft/tool-mc-project/src/index.ts:1958: trailing whitespace.
+      )
packages/minecraft/tool-mc-project/src/index.ts:1959: trailing whitespace.
+      continue
packages/minecraft/tool-mc-project/src/index.ts:1960: trailing whitespace.
+    }
packages/minecraft/tool-mc-project/src/index.ts:1961: trailing whitespace.
+    const references = new Set<string>()
packages/minecraft/tool-mc-project/src/index.ts:1962: trailing whitespace.
+    collectNamespaceReferences(file.document, references)
packages/minecraft/tool-mc-project/src/index.ts:1963: trailing whitespace.
+    for (const reference of references) {
packages/minecraft/tool-mc-project/src/index.ts:1964: trailing whitespace.
+      const parsed = parseResourceLocation(reference)
packages/minecraft/tool-mc-project/src/index.ts:1965: trailing whitespace.
+      if (parsed === undefined || allowedNamespaces.has(parsed.namespace)) continue
packages/minecraft/tool-mc-project/src/index.ts:1966: trailing whitespace.
+      addResourceIssue(
packages/minecraft/tool-mc-project/src/index.ts:1967: trailing whitespace.
+        result.warnings,
packages/minecraft/tool-mc-project/src/index.ts:1968: trailing whitespace.
+        'suspicious_namespace',
packages/minecraft/tool-mc-project/src/index.ts:1969: trailing whitespace.
+        file.path,
packages/minecraft/tool-mc-project/src/index.ts:1970: trailing whitespace.
+        `Reference uses namespace ${parsed.namespace}, which was not detected in this project`,
packages/minecraft/tool-mc-project/src/index.ts:1971: trailing whitespace.
+        reference,
packages/minecraft/tool-mc-project/src/index.ts:1972: trailing whitespace.
+      )
packages/minecraft/tool-mc-project/src/index.ts:1973: trailing whitespace.
+    }
packages/minecraft/tool-mc-project/src/index.ts:1974: trailing whitespace.
+  }
packages/minecraft/tool-mc-project/src/index.ts:1975: trailing whitespace.
+}
packages/minecraft/tool-mc-project/src/index.ts:1976: trailing whitespace.
+
packages/minecraft/tool-mc-project/src/index.ts:1977: trailing whitespace.
+async function validateItemDefinitions(
packages/minecraft/tool-mc-project/src/index.ts:1978: trailing whitespace.
+  ctx: Context,
packages/minecraft/tool-mc-project/src/index.ts:1979: trailing whitespace.
+  exec: ProjectExecution,
packages/minecraft/tool-mc-project/src/index.ts:1980: trailing whitespace.
+  root: string,
packages/minecraft/tool-mc-project/src/index.ts:1981: trailing whitespace.
+  namespace: string,
packages/minecraft/tool-mc-project/src/index.ts:1982: trailing whitespace.
+  config: ResolvedConfig,
packages/minecraft/tool-mc-project/src/index.ts:1983: trailing whitespace.
+  version: MinecraftVersionResult,
packages/minecraft/tool-mc-project/src/index.ts:1984: trailing whitespace.
+  result: ResourceValidationResult,
packages/minecraft/tool-mc-project/src/index.ts:1985: trailing whitespace.
+): Promise<void> {
packages/minecraft/tool-mc-project/src/index.ts:1986: trailing whitespace.
+  const base = posix.join(root, `assets/${namespace}/items`)
packages/minecraft/tool-mc-project/src/index.ts:1987: trailing whitespace.
+  const files = await readJsonResourceFiles(ctx, exec, base, config, result)
packages/minecraft/tool-mc-project/src/index.ts:1988: trailing whitespace.
+  if (files.length === 0) return
packages/minecraft/tool-mc-project/src/index.ts:1989: trailing whitespace.
+  for (const file of files) {
packages/minecraft/tool-mc-project/src/index.ts:1990: trailing whitespace.
+    if (objectRecord(file.document) === undefined) {
packages/minecraft/tool-mc-project/src/index.ts:1991: trailing whitespace.
+      addResourceIssue(result.errors, 'invalid_item_definition_shape', file.path, 'Item definition JSON must contain an object at the root.')
packages/minecraft/tool-mc-project/src/index.ts:1992: trailing whitespace.
+    }
packages/minecraft/tool-mc-project/src/index.ts:1993: trailing whitespace.
+  }
packages/minecraft/tool-mc-project/src/index.ts:1994: trailing whitespace.
+  if (version.status === 'determined' && version.classification === 'exact' && valid(version.value, { loose: true }) !== null) {
packages/minecraft/tool-mc-project/src/index.ts:1995: trailing whitespace.
+    if (!gte(version.value, '1.21.4', { loose: true })) {
packages/minecraft/tool-mc-project/src/index.ts:1996: trailing whitespace.
+      addResourceIssue(
packages/minecraft/tool-mc-project/src/index.ts:1997: trailing whitespace.
+        result.warnings,
packages/minecraft/tool-mc-project/src/index.ts:1998: trailing whitespace.
+        'item_definition_version',
packages/minecraft/tool-mc-project/src/index.ts:1999: trailing whitespace.
+        base,
packages/minecraft/tool-mc-project/src/index.ts:2000: trailing whitespace.
+        `Item definition resources are newer than detected Minecraft ${version.value}; verify the target version and resource format.`,
packages/minecraft/tool-mc-project/src/index.ts:2001: trailing whitespace.
+      )
packages/minecraft/tool-mc-project/src/index.ts:2002: trailing whitespace.
+    }
packages/minecraft/tool-mc-project/src/index.ts:2003: trailing whitespace.
+    return
packages/minecraft/tool-mc-project/src/index.ts:2004: trailing whitespace.
+  }
packages/minecraft/tool-mc-project/src/index.ts:2005: trailing whitespace.
+  addResourceIssue(
packages/minecraft/tool-mc-project/src/index.ts:2006: trailing whitespace.
+    result.warnings,
packages/minecraft/tool-mc-project/src/index.ts:2007: trailing whitespace.
+    'item_definition_version_unknown',
packages/minecraft/tool-mc-project/src/index.ts:2008: trailing whitespace.
+    base,
packages/minecraft/tool-mc-project/src/index.ts:2009: trailing whitespace.
+    'Item definition resources were found, but the exact Minecraft version is not determined; resource-format compatibility was not assumed.',
packages/minecraft/tool-mc-project/src/index.ts:2010: trailing whitespace.
+  )
packages/minecraft/tool-mc-project/src/index.ts:2011: trailing whitespace.
+}
packages/minecraft/tool-mc-project/src/index.ts:2012: trailing whitespace.
+
packages/minecraft/tool-mc-project/src/index.ts:2013: trailing whitespace.
+async function validateResources(
packages/minecraft/tool-mc-project/src/index.ts:2014: trailing whitespace.
+  ctx: Context,
packages/minecraft/tool-mc-project/src/index.ts:2015: trailing whitespace.
+  exec: ProjectExecution,
packages/minecraft/tool-mc-project/src/index.ts:2016: trailing whitespace.
+  config: ResolvedConfig,
packages/minecraft/tool-mc-project/src/index.ts:2017: trailing whitespace.
+  scan?: DetectionScan,
packages/minecraft/tool-mc-project/src/index.ts:2018: trailing whitespace.
+): Promise<ResourceValidationResult> {
packages/minecraft/tool-mc-project/src/index.ts:2019: trailing whitespace.
+  const detection = scan ?? await detect(ctx, exec, config)
packages/minecraft/tool-mc-project/src/index.ts:2020: trailing whitespace.
+  const result: ResourceValidationResult = {
packages/minecraft/tool-mc-project/src/index.ts:2021: trailing whitespace.
+    errors: [...detection.metadataErrors],
packages/minecraft/tool-mc-project/src/index.ts:2022: trailing whitespace.
+    warnings: [],
packages/minecraft/tool-mc-project/src/index.ts:2023: trailing whitespace.
+    checkedFiles: [],
packages/minecraft/tool-mc-project/src/index.ts:2024: trailing whitespace.
+    detectedModId: null,
packages/minecraft/tool-mc-project/src/index.ts:2025: trailing whitespace.
+    scanComplete: detection.project.scanComplete,
packages/minecraft/tool-mc-project/src/index.ts:2026: trailing whitespace.
+  }
packages/minecraft/tool-mc-project/src/index.ts:2027: trailing whitespace.
+  const detected = detection.project
packages/minecraft/tool-mc-project/src/index.ts:2028: trailing whitespace.
+  for (const warning of detection.metadataWarnings) {
packages/minecraft/tool-mc-project/src/index.ts:2029: trailing whitespace.
+    addResourceIssue(result.warnings, 'scan_warning', '.', warning)
packages/minecraft/tool-mc-project/src/index.ts:2030: trailing whitespace.
+  }
packages/minecraft/tool-mc-project/src/index.ts:2031: trailing whitespace.
+  for (const path of detected.inspected.metadataFiles) result.checkedFiles.push(path)
packages/minecraft/tool-mc-project/src/index.ts:2032: trailing whitespace.
+  const detectedModId = detectedHighConfidenceModId(detected, result)
packages/minecraft/tool-mc-project/src/index.ts:2033: trailing whitespace.
+  result.detectedModId = detectedModId
packages/minecraft/tool-mc-project/src/index.ts:2034: trailing whitespace.
+
packages/minecraft/tool-mc-project/src/index.ts:2035: trailing whitespace.
+  const roots = detected.resourceRoots.length > 0
packages/minecraft/tool-mc-project/src/index.ts:2036: trailing whitespace.
+    ? [...detected.resourceRoots].sort()
packages/minecraft/tool-mc-project/src/index.ts:2037: trailing whitespace.
+    : await fallbackResourceRoots(ctx, exec, result.warnings)
packages/minecraft/tool-mc-project/src/index.ts:2038: trailing whitespace.
+  if (roots.length === 0) {
packages/minecraft/tool-mc-project/src/index.ts:2039: trailing whitespace.
+    result.scanComplete = result.scanComplete && !result.warnings.some(issue => issue.code === 'scan_warning' || issue.code === 'file_too_large')
packages/minecraft/tool-mc-project/src/index.ts:2040: trailing whitespace.
+    return sortValidation(result)
packages/minecraft/tool-mc-project/src/index.ts:2041: trailing whitespace.
+  }
packages/minecraft/tool-mc-project/src/index.ts:2042: trailing whitespace.
+
packages/minecraft/tool-mc-project/src/index.ts:2043: trailing whitespace.
+  const assetNamespaces = await resourceNamespaces(ctx, exec, roots, 'assets')
packages/minecraft/tool-mc-project/src/index.ts:2044: trailing whitespace.
+  const dataNamespaces = await resourceNamespaces(ctx, exec, roots, 'data')
packages/minecraft/tool-mc-project/src/index.ts:2045: trailing whitespace.
+  const allNamespaces = [...new Set([...assetNamespaces, ...dataNamespaces])].sort()
packages/minecraft/tool-mc-project/src/index.ts:2046: trailing whitespace.
+  const allowedNamespaces = namespaceAllowlist(detectedModId, allNamespaces)
packages/minecraft/tool-mc-project/src/index.ts:2047: trailing whitespace.
+
packages/minecraft/tool-mc-project/src/index.ts:2048: trailing whitespace.
+  for (const root of roots) {
packages/minecraft/tool-mc-project/src/index.ts:2049: trailing whitespace.
+    const rootAssetNamespaces = (await listOptionalDir(ctx, exec, posix.join(root, 'assets')))
packages/minecraft/tool-mc-project/src/index.ts:2050: trailing whitespace.
+      .filter(entry => entry.type === 'directory')
packages/minecraft/tool-mc-project/src/index.ts:2051: trailing whitespace.
+      .map(entry => entry.name)
packages/minecraft/tool-mc-project/src/index.ts:2052: trailing whitespace.
+      .sort()
packages/minecraft/tool-mc-project/src/index.ts:2053: trailing whitespace.
+    for (const namespace of rootAssetNamespaces) {
packages/minecraft/tool-mc-project/src/index.ts:2054: trailing whitespace.
+      if (detectedModId !== null && namespace !== detectedModId && namespace !== 'minecraft') {
packages/minecraft/tool-mc-project/src/index.ts:2055: trailing whitespace.
+        addResourceIssue(
packages/minecraft/tool-mc-project/src/index.ts:2056: trailing whitespace.
+          result.errors,
packages/minecraft/tool-mc-project/src/index.ts:2057: trailing whitespace.
+          'modid_mismatch',
packages/minecraft/tool-mc-project/src/index.ts:2058: trailing whitespace.
+          posix.join(root, `assets/${namespace}`),
packages/minecraft/tool-mc-project/src/index.ts:2059: trailing whitespace.
+          `Asset namespace ${namespace} differs from detected mod id ${detectedModId}`,
packages/minecraft/tool-mc-project/src/index.ts:2060: trailing whitespace.
+          namespace,
packages/minecraft/tool-mc-project/src/index.ts:2061: trailing whitespace.
+        )
packages/minecraft/tool-mc-project/src/index.ts:2062: trailing whitespace.
+      }
packages/minecraft/tool-mc-project/src/index.ts:2063: trailing whitespace.
+      const languageDocuments = await readJsonResourceFiles(ctx, exec, posix.join(root, `assets/${namespace}/lang`), config, result)
packages/minecraft/tool-mc-project/src/index.ts:2064: trailing whitespace.
+      validateLanguageDocuments(languageDocuments, result)
packages/minecraft/tool-mc-project/src/index.ts:2065: trailing whitespace.
+      await validatePngFiles(ctx, exec, root, namespace, config, result)
packages/minecraft/tool-mc-project/src/index.ts:2066: trailing whitespace.
+      await validateModelTextures(ctx, exec, roots, root, namespace, 'item', config, detectedModId, result)
packages/minecraft/tool-mc-project/src/index.ts:2067: trailing whitespace.
+      await validateModelTextures(ctx, exec, roots, root, namespace, 'block', config, detectedModId, result)
packages/minecraft/tool-mc-project/src/index.ts:2068: trailing whitespace.
+      await validateBlockstateModels(ctx, exec, roots, root, namespace, config, detectedModId, result)
packages/minecraft/tool-mc-project/src/index.ts:2069: trailing whitespace.
+      await validateItemDefinitions(ctx, exec, root, namespace, config, detected.minecraftVersion, result)
packages/minecraft/tool-mc-project/src/index.ts:2070: trailing whitespace.
+    }
packages/minecraft/tool-mc-project/src/index.ts:2071: trailing whitespace.
+
packages/minecraft/tool-mc-project/src/index.ts:2072: trailing whitespace.
+    const rootDataNamespaces = (await listOptionalDir(ctx, exec, posix.join(root, 'data')))
packages/minecraft/tool-mc-project/src/index.ts:2073: trailing whitespace.
+      .filter(entry => entry.type === 'directory')
packages/minecraft/tool-mc-project/src/index.ts:2074: trailing whitespace.
+      .map(entry => entry.name)
packages/minecraft/tool-mc-project/src/index.ts:2075: trailing whitespace.
+      .sort()
packages/minecraft/tool-mc-project/src/index.ts:2076: trailing whitespace.
+    for (const namespace of rootDataNamespaces) {
packages/minecraft/tool-mc-project/src/index.ts:2077: trailing whitespace.
+      for (const folder of DATA_JSON_FOLDERS) {
packages/minecraft/tool-mc-project/src/index.ts:2078: trailing whitespace.
+        await validateDataJson(
packages/minecraft/tool-mc-project/src/index.ts:2079: trailing whitespace.
+          ctx,
packages/minecraft/tool-mc-project/src/index.ts:2080: trailing whitespace.
+          exec,
packages/minecraft/tool-mc-project/src/index.ts:2081: trailing whitespace.
+          root,
packages/minecraft/tool-mc-project/src/index.ts:2082: trailing whitespace.
+          namespace,
packages/minecraft/tool-mc-project/src/index.ts:2083: trailing whitespace.
+          folder,
packages/minecraft/tool-mc-project/src/index.ts:2084: trailing whitespace.
+          detected.minecraftVersion,
packages/minecraft/tool-mc-project/src/index.ts:2085: trailing whitespace.
+          config,
packages/minecraft/tool-mc-project/src/index.ts:2086: trailing whitespace.
+          allowedNamespaces,
packages/minecraft/tool-mc-project/src/index.ts:2087: trailing whitespace.
+          detectedModId,
packages/minecraft/tool-mc-project/src/index.ts:2088: trailing whitespace.
+          result,
packages/minecraft/tool-mc-project/src/index.ts:2089: trailing whitespace.
+        )
packages/minecraft/tool-mc-project/src/index.ts:2090: trailing whitespace.
+      }
packages/minecraft/tool-mc-project/src/index.ts:2091: trailing whitespace.
+    }
packages/minecraft/tool-mc-project/src/index.ts:2092: trailing whitespace.
+  }
packages/minecraft/tool-mc-project/src/index.ts:2093: trailing whitespace.
+
packages/minecraft/tool-mc-project/src/index.ts:2094: trailing whitespace.
+  result.scanComplete = result.scanComplete && !result.warnings.some(issue => issue.code === 'scan_warning' || issue.code === 'file_too_large')
packages/minecraft/tool-mc-project/src/index.ts:2095: trailing whitespace.
+  return sortValidation(result)
packages/minecraft/tool-mc-project/src/index.ts:2096: trailing whitespace.
+}
packages/minecraft/tool-mc-project/src/index.ts:2097: trailing whitespace.
+
packages/minecraft/tool-mc-project/src/index.ts:2098: trailing whitespace.
+async function runMcCheck(ctx: Context, exec: ProjectExecution, config: ResolvedConfig, args: RunCheckArgs): Promise<CheckResult> {
packages/minecraft/tool-mc-project/src/index.ts:2099: trailing whitespace.
+  const scan = await detect(ctx, exec, config)
packages/minecraft/tool-mc-project/src/index.ts:2100: trailing whitespace.
+  const detected = scan.project
packages/minecraft/tool-mc-project/src/index.ts:2101: trailing whitespace.
+  const unsupportedLayout = await unsupportedGradleLayout(ctx, exec, config)
packages/minecraft/tool-mc-project/src/index.ts:2102: trailing whitespace.
+  if (unsupportedLayout !== undefined) {
packages/minecraft/tool-mc-project/src/index.ts:2103: trailing whitespace.
+    const step = unavailableStep('gradle-layout', unsupportedLayout)
packages/minecraft/tool-mc-project/src/index.ts:2104: trailing whitespace.
+    return {
packages/minecraft/tool-mc-project/src/index.ts:2105: trailing whitespace.
+      commands: [],
packages/minecraft/tool-mc-project/src/index.ts:2106: trailing whitespace.
+      exitCode: null,
packages/minecraft/tool-mc-project/src/index.ts:2107: trailing whitespace.
+      steps: [step],
packages/minecraft/tool-mc-project/src/index.ts:2108: trailing whitespace.
+      failedStep: 'gradle-layout',
packages/minecraft/tool-mc-project/src/index.ts:2109: trailing whitespace.
+      suggestedNextAction: suggestedNextAction('gradle-layout'),
packages/minecraft/tool-mc-project/src/index.ts:2110: trailing whitespace.
+    }
packages/minecraft/tool-mc-project/src/index.ts:2111: trailing whitespace.
+  }
packages/minecraft/tool-mc-project/src/index.ts:2112: trailing whitespace.
+  const plans: CommandPlan[] = []
packages/minecraft/tool-mc-project/src/index.ts:2113: trailing whitespace.
+  if ((args.target === 'runtime' || args.target === 'startup') && args.runtimeMode === undefined) {
packages/minecraft/tool-mc-project/src/index.ts:2114: trailing whitespace.
+    const step = unavailableStep(args.target, 'runtimeMode must be "client" or "server" before launching a Minecraft runtime task.')
packages/minecraft/tool-mc-project/src/index.ts:2115: trailing whitespace.
+    return {
packages/minecraft/tool-mc-project/src/index.ts:2116: trailing whitespace.
+      commands: [],
packages/minecraft/tool-mc-project/src/index.ts:2117: trailing whitespace.
+      exitCode: null,
packages/minecraft/tool-mc-project/src/index.ts:2118: trailing whitespace.
+      steps: [step],
packages/minecraft/tool-mc-project/src/index.ts:2119: trailing whitespace.
+      failedStep: args.target,
packages/minecraft/tool-mc-project/src/index.ts:2120: trailing whitespace.
+      suggestedNextAction: args.target === 'startup'
packages/minecraft/tool-mc-project/src/index.ts:2121: trailing whitespace.
+        ? 'Ask the user whether the client or dedicated server should be launched, then retry target "startup" with runtimeMode.'
packages/minecraft/tool-mc-project/src/index.ts:2122: trailing whitespace.
+        : 'Ask the user whether the client or dedicated server should be launched, then retry with runtimeMode.',
packages/minecraft/tool-mc-project/src/index.ts:2123: trailing whitespace.
+    }
packages/minecraft/tool-mc-project/src/index.ts:2124: trailing whitespace.
+  }
packages/minecraft/tool-mc-project/src/index.ts:2125: trailing whitespace.
+  const unsupportedStep = addTargetPlans(plans, args.target, detected)
packages/minecraft/tool-mc-project/src/index.ts:2126: trailing whitespace.
+  if (unsupportedStep !== undefined) {
packages/minecraft/tool-mc-project/src/index.ts:2127: trailing whitespace.
+    const message = detected.loaderSupport === 'unsupported'
packages/minecraft/tool-mc-project/src/index.ts:2128: trailing whitespace.
+      ? `Loader ${detected.loader} is detected but unsupported by this profile; no loader-specific ${unsupportedStep} check was executed.`
packages/minecraft/tool-mc-project/src/index.ts:2129: trailing whitespace.
+      : unsupportedStep === 'startup'
packages/minecraft/tool-mc-project/src/index.ts:2130: trailing whitespace.
+        ? `Cannot establish a supported Fabric or NeoForge loader for startup verification.`
packages/minecraft/tool-mc-project/src/index.ts:2131: trailing whitespace.
+        : `Cannot infer a datagen Gradle task for loader ${detected.loader}.`
packages/minecraft/tool-mc-project/src/index.ts:2132: trailing whitespace.
+    const step = unavailableStep(unsupportedStep, message)
packages/minecraft/tool-mc-project/src/index.ts:2133: trailing whitespace.
+    return {
packages/minecraft/tool-mc-project/src/index.ts:2134: trailing whitespace.
+      commands: [],
packages/minecraft/tool-mc-project/src/index.ts:2135: trailing whitespace.
+      exitCode: null,
packages/minecraft/tool-mc-project/src/index.ts:2136: trailing whitespace.
+      steps: [step],
packages/minecraft/tool-mc-project/src/index.ts:2137: trailing whitespace.
+      failedStep: unsupportedStep,
packages/minecraft/tool-mc-project/src/index.ts:2138: trailing whitespace.
+      suggestedNextAction: suggestedNextAction(unsupportedStep),
packages/minecraft/tool-mc-project/src/index.ts:2139: trailing whitespace.
+    }
packages/minecraft/tool-mc-project/src/index.ts:2140: trailing whitespace.
+  }
packages/minecraft/tool-mc-project/src/index.ts:2141: trailing whitespace.
+
packages/minecraft/tool-mc-project/src/index.ts:2142: trailing whitespace.
+  const launcher = await gradleLauncher(ctx, exec, detected)
packages/minecraft/tool-mc-project/src/index.ts:2143: trailing whitespace.
+  if (launcher === null) {
packages/minecraft/tool-mc-project/src/index.ts:2144: trailing whitespace.
+    const step = unavailableStep('gradle', 'No root Gradle files were found; no Minecraft check command was executed.')
packages/minecraft/tool-mc-project/src/index.ts:2145: trailing whitespace.
+    return {
packages/minecraft/tool-mc-project/src/index.ts:2146: trailing whitespace.
+      commands: [],
packages/minecraft/tool-mc-project/src/index.ts:2147: trailing whitespace.
+      exitCode: null,
packages/minecraft/tool-mc-project/src/index.ts:2148: trailing whitespace.
+      steps: [step],
packages/minecraft/tool-mc-project/src/index.ts:2149: trailing whitespace.
+      failedStep: 'gradle',
packages/minecraft/tool-mc-project/src/index.ts:2150: trailing whitespace.
+      suggestedNextAction: suggestedNextAction('gradle'),
packages/minecraft/tool-mc-project/src/index.ts:2151: trailing whitespace.
+    }
packages/minecraft/tool-mc-project/src/index.ts:2152: trailing whitespace.
+  }
packages/minecraft/tool-mc-project/src/index.ts:2153: trailing whitespace.
+
packages/minecraft/tool-mc-project/src/index.ts:2154: trailing whitespace.
+  const steps: CheckStepResult[] = []
packages/minecraft/tool-mc-project/src/index.ts:2155: trailing whitespace.
+  let currentScan: DetectionScan | undefined = scan
packages/minecraft/tool-mc-project/src/index.ts:2156: trailing whitespace.
+  const discoveryCommands: string[] = []
packages/minecraft/tool-mc-project/src/index.ts:2157: trailing whitespace.
+  const taskDiscoveryCache: TaskDiscoveryCache = {}
packages/minecraft/tool-mc-project/src/index.ts:2158: trailing whitespace.
+  for (const unresolvedPlan of plans.filter(plan => plan.task === undefined)) {
packages/minecraft/tool-mc-project/src/index.ts:2159: trailing whitespace.
+    const discovery = unresolvedPlan.step === 'datagen'
packages/minecraft/tool-mc-project/src/index.ts:2160: trailing whitespace.
+      ? await discoverDatagenTask(ctx, exec, config, detected, launcher, args.timeoutMs, taskDiscoveryCache)
packages/minecraft/tool-mc-project/src/index.ts:2161: trailing whitespace.
+      : await discoverRuntimeTask(ctx, exec, config, detected, launcher, args.runtimeMode as RuntimeMode, args.timeoutMs, taskDiscoveryCache)
packages/minecraft/tool-mc-project/src/index.ts:2162: trailing whitespace.
+    if (discovery.step !== undefined) {
packages/minecraft/tool-mc-project/src/index.ts:2163: trailing whitespace.
+      if (discovery.step.command === undefined || !discoveryCommands.includes(discovery.step.command)) {
packages/minecraft/tool-mc-project/src/index.ts:2164: trailing whitespace.
+        steps.push(discovery.step)
packages/minecraft/tool-mc-project/src/index.ts:2165: trailing whitespace.
+        if (discovery.step.command !== undefined) discoveryCommands.push(discovery.step.command)
packages/minecraft/tool-mc-project/src/index.ts:2166: trailing whitespace.
+      }
packages/minecraft/tool-mc-project/src/index.ts:2167: trailing whitespace.
+    }
packages/minecraft/tool-mc-project/src/index.ts:2168: trailing whitespace.
+    if (discovery.task === undefined) {
packages/minecraft/tool-mc-project/src/index.ts:2169: trailing whitespace.
+      const failedStep = discovery.step?.step ?? unresolvedPlan.step
packages/minecraft/tool-mc-project/src/index.ts:2170: trailing whitespace.
+      const unresolvedLabel = unresolvedPlan.step === 'runtime' ? 'runtime' : 'datagen'
packages/minecraft/tool-mc-project/src/index.ts:2171: trailing whitespace.
+      return {
packages/minecraft/tool-mc-project/src/index.ts:2172: trailing whitespace.
+        commands: discoveryCommands,
packages/minecraft/tool-mc-project/src/index.ts:2173: trailing whitespace.
+        exitCode: discovery.step?.exitCode ?? null,
packages/minecraft/tool-mc-project/src/index.ts:2174: trailing whitespace.
+        steps,
packages/minecraft/tool-mc-project/src/index.ts:2175: trailing whitespace.
+        failedStep,
packages/minecraft/tool-mc-project/src/index.ts:2176: trailing whitespace.
+        suggestedNextAction: failedStep === 'gradle:tasks'
packages/minecraft/tool-mc-project/src/index.ts:2177: trailing whitespace.
+          ? `Inspect the Gradle task listing and choose the project-specific ${unresolvedLabel} task before retrying.`
packages/minecraft/tool-mc-project/src/index.ts:2178: trailing whitespace.
+          : suggestedNextAction(unresolvedLabel),
packages/minecraft/tool-mc-project/src/index.ts:2179: trailing whitespace.
+      }
packages/minecraft/tool-mc-project/src/index.ts:2180: trailing whitespace.
+    }
packages/minecraft/tool-mc-project/src/index.ts:2181: trailing whitespace.
+    unresolvedPlan.task = discovery.task
packages/minecraft/tool-mc-project/src/index.ts:2182: trailing whitespace.
+  }
packages/minecraft/tool-mc-project/src/index.ts:2183: trailing whitespace.
+  const commands = [
packages/minecraft/tool-mc-project/src/index.ts:2184: trailing whitespace.
+    ...discoveryCommands,
packages/minecraft/tool-mc-project/src/index.ts:2185: trailing whitespace.
+    ...plans.map((plan) => {
packages/minecraft/tool-mc-project/src/index.ts:2186: trailing whitespace.
+      if (plan.task === undefined) throw new Error(`unresolved Gradle task for ${plan.step}`)
packages/minecraft/tool-mc-project/src/index.ts:2187: trailing whitespace.
+      return commandFor(launcher, plan.task)
packages/minecraft/tool-mc-project/src/index.ts:2188: trailing whitespace.
+    }),
packages/minecraft/tool-mc-project/src/index.ts:2189: trailing whitespace.
+  ]
packages/minecraft/tool-mc-project/src/index.ts:2190: trailing whitespace.
+  for (const plan of plans) {
packages/minecraft/tool-mc-project/src/index.ts:2191: trailing whitespace.
+    if (plan.step === 'resources:gradle') {
packages/minecraft/tool-mc-project/src/index.ts:2192: trailing whitespace.
+      // Reuse the authoritative detection snapshot from this check invocation.
packages/minecraft/tool-mc-project/src/index.ts:2193: trailing whitespace.
+      const staticStep = await runStaticResourceStep(ctx, exec, config, currentScan)
packages/minecraft/tool-mc-project/src/index.ts:2194: trailing whitespace.
+      steps.push(staticStep)
packages/minecraft/tool-mc-project/src/index.ts:2195: trailing whitespace.
+      if (staticStep.status === 'failed') {
packages/minecraft/tool-mc-project/src/index.ts:2196: trailing whitespace.
+        return {
packages/minecraft/tool-mc-project/src/index.ts:2197: trailing whitespace.
+          commands,
packages/minecraft/tool-mc-project/src/index.ts:2198: trailing whitespace.
+          exitCode: null,
packages/minecraft/tool-mc-project/src/index.ts:2199: trailing whitespace.
+          steps,
packages/minecraft/tool-mc-project/src/index.ts:2200: trailing whitespace.
+          failedStep: 'resources:static',
packages/minecraft/tool-mc-project/src/index.ts:2201: trailing whitespace.
+          suggestedNextAction: suggestedNextAction('resources:static'),
packages/minecraft/tool-mc-project/src/index.ts:2202: trailing whitespace.
+        }
packages/minecraft/tool-mc-project/src/index.ts:2203: trailing whitespace.
+      }
packages/minecraft/tool-mc-project/src/index.ts:2204: trailing whitespace.
+    }
packages/minecraft/tool-mc-project/src/index.ts:2205: trailing whitespace.
+    const step = await runCommandStep(ctx, exec, config, plan, launcher, args.timeoutMs, args.target === 'startup' ? args.runtimeMode : undefined)
packages/minecraft/tool-mc-project/src/index.ts:2206: trailing whitespace.
+    steps.push(step)
packages/minecraft/tool-mc-project/src/index.ts:2207: trailing whitespace.
+    if (step.status === 'failed') {
packages/minecraft/tool-mc-project/src/index.ts:2208: trailing whitespace.
+      return {
packages/minecraft/tool-mc-project/src/index.ts:2209: trailing whitespace.
+        commands,
packages/minecraft/tool-mc-project/src/index.ts:2210: trailing whitespace.
+        exitCode: step.exitCode,
packages/minecraft/tool-mc-project/src/index.ts:2211: trailing whitespace.
+        steps,
packages/minecraft/tool-mc-project/src/index.ts:2212: trailing whitespace.
+        failedStep: step.step === 'runtime' && args.target === 'startup' ? 'startup' : step.step,
packages/minecraft/tool-mc-project/src/index.ts:2213: trailing whitespace.
+        suggestedNextAction: suggestedNextAction(step.step === 'runtime' && args.target === 'startup' ? 'startup' : step.step, step),
packages/minecraft/tool-mc-project/src/index.ts:2214: trailing whitespace.
+      }
packages/minecraft/tool-mc-project/src/index.ts:2215: trailing whitespace.
+    }
packages/minecraft/tool-mc-project/src/index.ts:2216: trailing whitespace.
+    if (plan.step === 'datagen') currentScan = undefined
packages/minecraft/tool-mc-project/src/index.ts:2217: trailing whitespace.
+  }
packages/minecraft/tool-mc-project/src/index.ts:2218: trailing whitespace.
+  return {
packages/minecraft/tool-mc-project/src/index.ts:2219: trailing whitespace.
+    commands,
packages/minecraft/tool-mc-project/src/index.ts:2220: trailing whitespace.
+    exitCode: 0,
packages/minecraft/tool-mc-project/src/index.ts:2221: trailing whitespace.
+    steps,
packages/minecraft/tool-mc-project/src/index.ts:2222: trailing whitespace.
+    failedStep: null,
packages/minecraft/tool-mc-project/src/index.ts:2223: trailing whitespace.
+    suggestedNextAction: null,
packages/minecraft/tool-mc-project/src/index.ts:2224: trailing whitespace.
+  }
packages/minecraft/tool-mc-project/src/index.ts:2225: trailing whitespace.
+}
packages/minecraft/tool-mc-project/src/index.ts:2226: trailing whitespace.
+
packages/minecraft/tool-mc-project/src/index.ts:2229: trailing whitespace.
+ */
packages/minecraft/tool-mc-project/src/index.ts:2230: trailing whitespace.
+export function apply(ctx: Context, rawConfig: Config = {}): void {
packages/minecraft/tool-mc-project/src/index.ts:2231: trailing whitespace.
+  const config = resolveConfig(rawConfig)
packages/minecraft/tool-mc-project/src/index.ts:2232: trailing whitespace.
+  ctx.effect(() => {
packages/minecraft/tool-mc-project/src/index.ts:2233: trailing whitespace.
+    const dispose = ctx.on('tools/pre-execute', async (exec, next): Promise<PreToolDecision> => {
packages/minecraft/tool-mc-project/src/index.ts:2234: trailing whitespace.
+      if (!isApprovedRuntimeCheck(exec)) return next()
packages/minecraft/tool-mc-project/src/index.ts:2235: trailing whitespace.
+      return {
packages/minecraft/tool-mc-project/src/index.ts:2236: trailing whitespace.
+        kind: 'ask',
packages/minecraft/tool-mc-project/src/index.ts:2237: trailing whitespace.
+        reason: 'Launching a Minecraft client or dedicated server requires explicit user approval.',
packages/minecraft/tool-mc-project/src/index.ts:2238: trailing whitespace.
+      }
packages/minecraft/tool-mc-project/src/index.ts:2239: trailing whitespace.
+    })
packages/minecraft/tool-mc-project/src/index.ts:2240: trailing whitespace.
+    return dispose
packages/minecraft/tool-mc-project/src/index.ts:2241: trailing whitespace.
+  }, 'tool-mc-project.runtime-approval')
packages/minecraft/tool-mc-project/src/index.ts:2242: trailing whitespace.
+  ctx.tools.register(defineTool({
packages/minecraft/tool-mc-project/src/index.ts:2243: trailing whitespace.
+    name: DETECT_MC_PROJECT,
packages/minecraft/tool-mc-project/src/index.ts:2244: trailing whitespace.
+    description: 'Inspect the current workspace and return structured Minecraft mod project facts: loader, loader support status, Minecraft version, mappings, mod id candidates, languages, source sets, resource roots, mixins, datagen clues, and recommended Gradle validation commands. Fabric and NeoForge are supported; Forge, Quilt, and Architectury are diagnostic-only. Use this before assuming which Minecraft mod loader or version the repository uses.',
packages/minecraft/tool-mc-project/src/index.ts:2245: trailing whitespace.
+    parameters: {},
packages/minecraft/tool-mc-project/src/index.ts:2246: trailing whitespace.
+    output: {
packages/minecraft/tool-mc-project/src/index.ts:2247: trailing whitespace.
+      schema: projectOutputSchema(),
packages/minecraft/tool-mc-project/src/index.ts:2248: trailing whitespace.
+      render: (_args, value) => [{ type: 'text', text: JSON.stringify(value, null, 2) }],
packages/minecraft/tool-mc-project/src/index.ts:2249: trailing whitespace.
+    },
packages/minecraft/tool-mc-project/src/index.ts:2250: trailing whitespace.
+    isConcurrencySafe: () => true,
packages/minecraft/tool-mc-project/src/index.ts:2251: trailing whitespace.
+    execute: async (_args, exec) => (await detect(ctx, exec, config)).project,
packages/minecraft/tool-mc-project/src/index.ts:2252: trailing whitespace.
+    presentCall: () => ({ card: 'generic', title: 'Detect Minecraft project', kind: 'read' }),
packages/minecraft/tool-mc-project/src/index.ts:2253: trailing whitespace.
+    presentResult: (_args, result: ToolResult) => ({
packages/minecraft/tool-mc-project/src/index.ts:2254: trailing whitespace.
+      card: 'generic',
packages/minecraft/tool-mc-project/src/index.ts:2255: trailing whitespace.
+      title: 'Minecraft project facts',
packages/minecraft/tool-mc-project/src/index.ts:2256: trailing whitespace.
+      content: result.content,
packages/minecraft/tool-mc-project/src/index.ts:2257: trailing whitespace.
+    }),
packages/minecraft/tool-mc-project/src/index.ts:2258: trailing whitespace.
+  }))
packages/minecraft/tool-mc-project/src/index.ts:2259: trailing whitespace.
+  ctx.tools.register(defineTool({
packages/minecraft/tool-mc-project/src/index.ts:2260: trailing whitespace.
+    name: VALIDATE_MC_RESOURCES,
packages/minecraft/tool-mc-project/src/index.ts:2261: trailing whitespace.
+    description: 'Validate the current Minecraft mod workspace resources with deterministic static checks: language values, item/block models, blockstates, recipe/tag/loot/advancement JSON structure, bounded PNG checksums, suspicious namespaces, and mod id versus metadata consistency. This does not execute Gradle or emulate Minecraft resource loading.',
packages/minecraft/tool-mc-project/src/index.ts:2262: trailing whitespace.
+    parameters: {},
packages/minecraft/tool-mc-project/src/index.ts:2263: trailing whitespace.
+    output: {
packages/minecraft/tool-mc-project/src/index.ts:2264: trailing whitespace.
+      schema: resourceValidationOutputSchema(),
packages/minecraft/tool-mc-project/src/index.ts:2265: trailing whitespace.
+      render: (_args, value) => [{ type: 'text', text: JSON.stringify(value, null, 2) }],
packages/minecraft/tool-mc-project/src/index.ts:2266: trailing whitespace.
+    },
packages/minecraft/tool-mc-project/src/index.ts:2267: trailing whitespace.
+    isConcurrencySafe: () => true,
packages/minecraft/tool-mc-project/src/index.ts:2268: trailing whitespace.
+    execute: (_args, exec) => validateResources(ctx, exec, config),
packages/minecraft/tool-mc-project/src/index.ts:2269: trailing whitespace.
+    presentCall: () => ({ card: 'generic', title: 'Validate Minecraft resources', kind: 'read' }),
packages/minecraft/tool-mc-project/src/index.ts:2270: trailing whitespace.
+    presentResult: (_args, result: ToolResult) => ({
packages/minecraft/tool-mc-project/src/index.ts:2271: trailing whitespace.
+      card: 'generic',
packages/minecraft/tool-mc-project/src/index.ts:2272: trailing whitespace.
+      title: 'Minecraft resource validation',
packages/minecraft/tool-mc-project/src/index.ts:2273: trailing whitespace.
+      content: result.content,
packages/minecraft/tool-mc-project/src/index.ts:2274: trailing whitespace.
+    }),
packages/minecraft/tool-mc-project/src/index.ts:2275: trailing whitespace.
+  }))
packages/minecraft/tool-mc-project/src/index.ts:2276: trailing whitespace.
+  ctx.effect(() => {
packages/minecraft/tool-mc-project/src/index.ts:2277: trailing whitespace.
+    const fiber = ctx.inject(['shell'], (shellCtx: Context) => {
packages/minecraft/tool-mc-project/src/index.ts:2278: trailing whitespace.
+      shellCtx.tools.register(defineTool({
packages/minecraft/tool-mc-project/src/index.ts:2279: trailing whitespace.
+        name: RUN_MC_CHECK,
packages/minecraft/tool-mc-project/src/index.ts:2280: trailing whitespace.
+        description: 'Run Minecraft validation for the current workspace. The tool detects the project, chooses the pinned Gradle launcher, discovers unambiguous custom tasks, and returns structured command results. Targets: build, test, datagen, resources, runtime, startup, all. The startup target is a launch gate: static resources, optional datagen, processResources, test, and build must pass before a user-approved client or dedicated-server probe runs; the probe must emit a readiness marker.',
packages/minecraft/tool-mc-project/src/index.ts:2281: trailing whitespace.
+        parameters: {
packages/minecraft/tool-mc-project/src/index.ts:2282: trailing whitespace.
+          target: {
packages/minecraft/tool-mc-project/src/index.ts:2283: trailing whitespace.
+            type: 'string',
packages/minecraft/tool-mc-project/src/index.ts:2284: trailing whitespace.
+            required: true,
packages/minecraft/tool-mc-project/src/index.ts:2285: trailing whitespace.
+            description: 'Check to run. resources performs static Minecraft resource validation before Gradle processResources. runtime launches a client or dedicated server after approval. startup runs the complete preflight and then a bounded readiness probe; it blocks launch on any failed or unverified phase. all stops at the first failed step.',
packages/minecraft/tool-mc-project/src/index.ts:2286: trailing whitespace.
+            enum: ['build', 'test', 'datagen', 'resources', 'runtime', 'startup', 'all'],
packages/minecraft/tool-mc-project/src/index.ts:2287: trailing whitespace.
+          },
packages/minecraft/tool-mc-project/src/index.ts:2288: trailing whitespace.
+          runtimeMode: {
packages/minecraft/tool-mc-project/src/index.ts:2289: trailing whitespace.
+            type: 'string',
packages/minecraft/tool-mc-project/src/index.ts:2290: trailing whitespace.
+            enum: ['client', 'server'],
packages/minecraft/tool-mc-project/src/index.ts:2291: trailing whitespace.
+            description: 'Required for target runtime or startup: choose client or dedicated server after user approval.',
packages/minecraft/tool-mc-project/src/index.ts:2292: trailing whitespace.
+          },
packages/minecraft/tool-mc-project/src/index.ts:2293: trailing whitespace.
+          timeoutMs: {
packages/minecraft/tool-mc-project/src/index.ts:2294: trailing whitespace.
+            type: 'number',
packages/minecraft/tool-mc-project/src/index.ts:2295: trailing whitespace.
+            description: 'Optional timeout in milliseconds for each Gradle command. The shell executor applies its configured default and cap.',
packages/minecraft/tool-mc-project/src/index.ts:2296: trailing whitespace.
+          },
packages/minecraft/tool-mc-project/src/index.ts:2297: trailing whitespace.
+        },
packages/minecraft/tool-mc-project/src/index.ts:2298: trailing whitespace.
+        output: {
packages/minecraft/tool-mc-project/src/index.ts:2299: trailing whitespace.
+          schema: checkOutputSchema(),
packages/minecraft/tool-mc-project/src/index.ts:2300: trailing whitespace.
+          render: (_args, value) => [{ type: 'text', text: JSON.stringify(value, null, 2) }],
packages/minecraft/tool-mc-project/src/index.ts:2301: trailing whitespace.
+        },
packages/minecraft/tool-mc-project/src/index.ts:2302: trailing whitespace.
+        execute: (args: RunCheckArgs, exec) => {
packages/minecraft/tool-mc-project/src/index.ts:2303: trailing whitespace.
+          const runtime = shellCtx.get('minecraftRuntime')
packages/minecraft/tool-mc-project/src/index.ts:2304: trailing whitespace.
+          const cwd = sessionResolveOptions(exec).cwd
packages/minecraft/tool-mc-project/src/index.ts:2305: trailing whitespace.
+          if (runtime && cwd && args.runtimeMode && (args.target === 'runtime' || args.target === 'startup')) {
packages/minecraft/tool-mc-project/src/index.ts:2306: trailing whitespace.
+            return runtime.check(cwd, args.runtimeMode, exec.signal, args.timeoutMs)
packages/minecraft/tool-mc-project/src/index.ts:2307: trailing whitespace.
+          }
packages/minecraft/tool-mc-project/src/index.ts:2308: trailing whitespace.
+          return runMcCheck(shellCtx, exec, config, args)
packages/minecraft/tool-mc-project/src/index.ts:2309: trailing whitespace.
+        },
packages/minecraft/tool-mc-project/src/index.ts:2310: trailing whitespace.
+        presentCall: args => ({ card: 'generic', title: `Run Minecraft check: ${args.target}`, kind: 'execute' }),
packages/minecraft/tool-mc-project/src/index.ts:2311: trailing whitespace.
+        presentResult: (_args, result: ToolResult) => ({
packages/minecraft/tool-mc-project/src/index.ts:2312: trailing whitespace.
+          card: 'generic',
packages/minecraft/tool-mc-project/src/index.ts:2313: trailing whitespace.
+          title: 'Minecraft check result',
packages/minecraft/tool-mc-project/src/index.ts:2314: trailing whitespace.
+          content: result.content,
packages/minecraft/tool-mc-project/src/index.ts:2315: trailing whitespace.
+        }),
packages/minecraft/tool-mc-project/src/index.ts:2316: trailing whitespace.
+      }))
packages/minecraft/tool-mc-project/src/index.ts:2317: trailing whitespace.
+    })
packages/minecraft/tool-mc-project/src/index.ts:2318: trailing whitespace.
+    return fiber.dispose
packages/minecraft/tool-mc-project/src/index.ts:2319: trailing whitespace.
+  }, 'tool-mc-project.run_mc_check')
packages/minecraft/tool-mc-project/src/index.ts:2320: trailing whitespace.
+}
packages/minecraft/tool-mc-project/src/index.ts:2321: trailing whitespace.
+
packages/minecraft/tool-mc-project/src/index.ts:2328: trailing whitespace.
+ */
packages/minecraft/tool-mc-project/src/index.ts:2329: trailing whitespace.
+export async function inspectMinecraftProject(ctx: Context, cwd: string, signal?: AbortSignal): Promise<DetectionResult> {
packages/minecraft/tool-mc-project/src/index.ts:2330: trailing whitespace.
+  return (await detect(ctx, { cwd, signal: signal ?? new AbortController().signal }, resolveConfig({}))).project
packages/minecraft/tool-mc-project/src/index.ts:2331: trailing whitespace.
+}
packages/minecraft/tool-mc-project/src/index.ts:2332: trailing whitespace.
+
packages/minecraft/tool-mc-project/src/index.ts:2339: trailing whitespace.
+ */
packages/minecraft/tool-mc-project/src/index.ts:2340: trailing whitespace.
+export async function validateMinecraftProject(ctx: Context, cwd: string, signal?: AbortSignal): Promise<ResourceValidationResult> {
packages/minecraft/tool-mc-project/src/index.ts:2341: trailing whitespace.
+  return validateResources(ctx, { cwd, signal: signal ?? new AbortController().signal }, resolveConfig({}))
packages/minecraft/tool-mc-project/src/index.ts:2342: trailing whitespace.
+}
